estacio,data,contaminant,unitats,latitud,longitud,valor,
Ciutadella,2022-01-01,NO2,xc2xb5gm3,41.386406,2.1873982,32.6250000000000000,
Ciutadella,2022-01-02,NO2,xc2xb5gm3,41.386406,2.1873982,23.7500000000000000,
Ciutadella,2022-01-03,NO2,xc2xb5gm3,41.386406,2.1873982,37.5454545454545455,
Ciutadella,2022-01-04,NO2,xc2xb5gm3,41.386406,2.1873982,52.5000000000000000,
Ciutadella,2022-01-05,NO2,xc2xb5gm3,41.386406,2.1873982,26.8333333333333333,
Ciutadella,2022-01-06,NO2,xc2xb5gm3,41.386406,2.1873982,16.8750000000000000,
Ciutadella,2022-01-07,NO2,xc2xb5gm3,41.386406,2.1873982,37.4166666666666667,
Ciutadella,2022-01-08,NO2,xc2xb5gm3,41.386406,2.1873982,20.0833333333333333,
Ciutadella,2022-01-09,NO2,xc2xb5gm3,41.386406,2.1873982,10.2916666666666667,
Ciutadella,2022-01-10,NO2,xc2xb5gm3,41.386406,2.1873982,32.0416666666666667,
Ciutadella,2022-01-11,NO2,xc2xb5gm3,41.386406,2.1873982,47.0416666666666667,
Ciutadella,2022-01-12,NO2,xc2xb5gm3,41.386406,2.1873982,26.8333333333333333,
Ciutadella,2022-01-13,NO2,xc2xb5gm3,41.386406,2.1873982,49.3333333333333333,
Ciutadella,2022-01-14,NO2,xc2xb5gm3,41.386406,2.1873982,48.0833333333333333,
Ciutadella,2022-01-15,NO2,xc2xb5gm3,41.386406,2.1873982,32.9583333333333333,
Ciutadella,2022-01-16,NO2,xc2xb5gm3,41.386406,2.1873982,46.7500000000000000,
Ciutadella,2022-01-17,NO2,xc2xb5gm3,41.386406,2.1873982,59.0416666666666667,
Ciutadella,2022-01-18,NO2,xc2xb5gm3,41.386406,2.1873982,48.6818181818181818,
Ciutadella,2022-01-19,NO2,xc2xb5gm3,41.386406,2.1873982,46.6250000000000000,
Ciutadella,2022-01-20,NO2,xc2xb5gm3,41.386406,2.1873982,50.2083333333333333,
Ciutadella,2022-01-21,NO2,xc2xb5gm3,41.386406,2.1873982,28.8750000000000000,
Ciutadella,2022-01-22,NO2,xc2xb5gm3,41.386406,2.1873982,32.5000000000000000,
Ciutadella,2022-01-23,NO2,xc2xb5gm3,41.386406,2.1873982,35.6666666666666667,
Ciutadella,2022-01-24,NO2,xc2xb5gm3,41.386406,2.1873982,53.2916666666666667,
Ciutadella,2022-01-25,NO2,xc2xb5gm3,41.386406,2.1873982,62.4583333333333333,
Ciutadella,2022-01-26,NO2,xc2xb5gm3,41.386406,2.1873982,66.5000000000000000,
Ciutadella,2022-01-27,NO2,xc2xb5gm3,41.386406,2.1873982,56.1666666666666667,
Ciutadella,2022-01-28,NO2,xc2xb5gm3,41.386406,2.1873982,72.5000000000000000,
Ciutadella,2022-01-29,NO2,xc2xb5gm3,41.386406,2.1873982,58.3750000000000000,
Ciutadella,2022-01-30,NO2,xc2xb5gm3,41.386406,2.1873982,46.8750000000000000,
Ciutadella,2022-01-31,NO2,xc2xb5gm3,41.386406,2.1873982,38.3333333333333333,
Ciutadella,2022-02-01,NO2,xc2xb5gm3,41.386406,2.1873982,50.0000000000000000,
Ciutadella,2022-02-02,NO2,xc2xb5gm3,41.386406,2.1873982,38.7083333333333333,
Ciutadella,2022-02-03,NO2,xc2xb5gm3,41.386406,2.1873982,53.7500000000000000,
Ciutadella,2022-02-04,NO2,xc2xb5gm3,41.386406,2.1873982,57.4583333333333333,
Ciutadella,2022-02-05,NO2,xc2xb5gm3,41.386406,2.1873982,35.3750000000000000,
Ciutadella,2022-02-06,NO2,xc2xb5gm3,41.386406,2.1873982,22.8333333333333333,
Ciutadella,2022-02-07,NO2,xc2xb5gm3,41.386406,2.1873982,38.1666666666666667,
Ciutadella,2022-02-08,NO2,xc2xb5gm3,41.386406,2.1873982,52.5000000000000000,
Ciutadella,2022-02-09,NO2,xc2xb5gm3,41.386406,2.1873982,38.0000000000000000,
Ciutadella,2022-02-10,NO2,xc2xb5gm3,41.386406,2.1873982,57.3750000000000000,
Ciutadella,2022-02-11,NO2,xc2xb5gm3,41.386406,2.1873982,71.1250000000000000,
Ciutadella,2022-02-12,NO2,xc2xb5gm3,41.386406,2.1873982,21.6666666666666667,
Ciutadella,2022-02-13,NO2,xc2xb5gm3,41.386406,2.1873982,31.3750000000000000,
Ciutadella,2022-02-14,NO2,xc2xb5gm3,41.386406,2.1873982,22.0416666666666667,
Ciutadella,2022-02-15,NO2,xc2xb5gm3,41.386406,2.1873982,18.7142857142857143,
Ciutadella,2022-02-16,NO2,xc2xb5gm3,41.386406,2.1873982,42.5833333333333333,
Ciutadella,2022-02-17,NO2,xc2xb5gm3,41.386406,2.1873982,41.7083333333333333,
Ciutadella,2022-02-18,NO2,xc2xb5gm3,41.386406,2.1873982,38.6666666666666667,
Ciutadella,2022-02-19,NO2,xc2xb5gm3,41.386406,2.1873982,21.2916666666666667,
Ciutadella,2022-02-20,NO2,xc2xb5gm3,41.386406,2.1873982,24.0000000000000000,
Ciutadella,2022-02-21,NO2,xc2xb5gm3,41.386406,2.1873982,36.1666666666666667,
Ciutadella,2022-02-22,NO2,xc2xb5gm3,41.386406,2.1873982,31.8333333333333333,
Ciutadella,2022-02-23,NO2,xc2xb5gm3,41.386406,2.1873982,41.0416666666666667,
Ciutadella,2022-02-24,NO2,xc2xb5gm3,41.386406,2.1873982,41.2083333333333333,
Ciutadella,2022-02-25,NO2,xc2xb5gm3,41.386406,2.1873982,39.2083333333333333,
Ciutadella,2022-02-26,NO2,xc2xb5gm3,41.386406,2.1873982,14.9166666666666667,
Ciutadella,2022-02-27,NO2,xc2xb5gm3,41.386406,2.1873982,29.6666666666666667,
Ciutadella,2022-02-28,NO2,xc2xb5gm3,41.386406,2.1873982,32.2916666666666667,
Ciutadella,2022-03-01,NO2,xc2xb5gm3,41.386406,2.1873982,30.0454545454545455,
Ciutadella,2022-03-02,NO2,xc2xb5gm3,41.386406,2.1873982,48.2916666666666667,
Ciutadella,2022-03-03,NO2,xc2xb5gm3,41.386406,2.1873982,30.4583333333333333,
Ciutadella,2022-03-04,NO2,xc2xb5gm3,41.386406,2.1873982,52.6666666666666667,
Ciutadella,2022-03-05,NO2,xc2xb5gm3,41.386406,2.1873982,26.0000000000000000,
Ciutadella,2022-03-06,NO2,xc2xb5gm3,41.386406,2.1873982,14.9583333333333333,
Ciutadella,2022-03-07,NO2,xc2xb5gm3,41.386406,2.1873982,24.3750000000000000,
Ciutadella,2022-03-08,NO2,xc2xb5gm3,41.386406,2.1873982,49.0833333333333333,
Ciutadella,2022-03-09,NO2,xc2xb5gm3,41.386406,2.1873982,35.3333333333333333,
Ciutadella,2022-03-10,NO2,xc2xb5gm3,41.386406,2.1873982,42.0000000000000000,
Ciutadella,2022-03-11,NO2,xc2xb5gm3,41.386406,2.1873982,33.9166666666666667,
Ciutadella,2022-03-12,NO2,xc2xb5gm3,41.386406,2.1873982,19.2083333333333333,
Ciutadella,2022-03-13,NO2,xc2xb5gm3,41.386406,2.1873982,28.4166666666666667,
Ciutadella,2022-03-14,NO2,xc2xb5gm3,41.386406,2.1873982,6.7142857142857143,
Ciutadella,2022-03-15,NO2,xc2xb5gm3,41.386406,2.1873982,5.9583333333333333,
Ciutadella,2022-03-16,NO2,xc2xb5gm3,41.386406,2.1873982,7.5000000000000000,
Ciutadella,2022-03-17,NO2,xc2xb5gm3,41.386406,2.1873982,10.3750000000000000,
Ciutadella,2022-03-18,NO2,xc2xb5gm3,41.386406,2.1873982,11.7916666666666667,
Ciutadella,2022-03-19,NO2,xc2xb5gm3,41.386406,2.1873982,12.2083333333333333,
Ciutadella,2022-03-20,NO2,xc2xb5gm3,41.386406,2.1873982,12.0416666666666667,
Ciutadella,2022-03-21,NO2,xc2xb5gm3,41.386406,2.1873982,5.7916666666666667,
Ciutadella,2022-03-22,NO2,xc2xb5gm3,41.386406,2.1873982,7.4166666666666667,
Ciutadella,2022-03-23,NO2,xc2xb5gm3,41.386406,2.1873982,20.8333333333333333,
Ciutadella,2022-03-24,NO2,xc2xb5gm3,41.386406,2.1873982,20.5000000000000000,
Ciutadella,2022-03-25,NO2,xc2xb5gm3,41.386406,2.1873982,14.3333333333333333,
Ciutadella,2022-03-26,NO2,xc2xb5gm3,41.386406,2.1873982,10.7500000000000000,
Ciutadella,2022-03-27,NO2,xc2xb5gm3,41.386406,2.1873982,11.3043478260869565,
Ciutadella,2022-03-28,NO2,xc2xb5gm3,41.386406,2.1873982,36.7083333333333333,
Ciutadella,2022-03-29,NO2,xc2xb5gm3,41.386406,2.1873982,28.1250000000000000,
Ciutadella,2022-03-30,NO2,xc2xb5gm3,41.386406,2.1873982,27.4761904761904762,
Ciutadella,2022-03-31,NO2,xc2xb5gm3,41.386406,2.1873982,20.7916666666666667,
Ciutadella,2022-04-01,NO2,xc2xb5gm3,41.386406,2.1873982,12.5833333333333333,
Ciutadella,2022-04-02,NO2,xc2xb5gm3,41.386406,2.1873982,8.4583333333333333,
Ciutadella,2022-04-03,NO2,xc2xb5gm3,41.386406,2.1873982,14.4166666666666667,
Ciutadella,2022-04-04,NO2,xc2xb5gm3,41.386406,2.1873982,21.2500000000000000,
Ciutadella,2022-04-05,NO2,xc2xb5gm3,41.386406,2.1873982,30.5416666666666667,
Ciutadella,2022-04-06,NO2,xc2xb5gm3,41.386406,2.1873982,56.4583333333333333,
Ciutadella,2022-04-07,NO2,xc2xb5gm3,41.386406,2.1873982,51.5833333333333333,
Ciutadella,2022-04-08,NO2,xc2xb5gm3,41.386406,2.1873982,42.7500000000000000,
Ciutadella,2022-04-09,NO2,xc2xb5gm3,41.386406,2.1873982,7.7500000000000000,
Ciutadella,2022-04-10,NO2,xc2xb5gm3,41.386406,2.1873982,26.1250000000000000,
Ciutadella,2022-04-11,NO2,xc2xb5gm3,41.386406,2.1873982,21.0000000000000000,
Ciutadella,2022-04-12,NO2,xc2xb5gm3,41.386406,2.1873982,8.4166666666666667,
Ciutadella,2022-04-13,NO2,xc2xb5gm3,41.386406,2.1873982,8.4545454545454545,
Ciutadella,2022-04-14,NO2,xc2xb5gm3,41.386406,2.1873982,21.5833333333333333,
Ciutadella,2022-04-15,NO2,xc2xb5gm3,41.386406,2.1873982,57.2500000000000000,
Ciutadella,2022-04-16,NO2,xc2xb5gm3,41.386406,2.1873982,51.7916666666666667,
Ciutadella,2022-04-17,NO2,xc2xb5gm3,41.386406,2.1873982,25.0833333333333333,
Ciutadella,2022-04-18,NO2,xc2xb5gm3,41.386406,2.1873982,19.9166666666666667,
Ciutadella,2022-04-19,NO2,xc2xb5gm3,41.386406,2.1873982,28.7083333333333333,
Ciutadella,2022-04-20,NO2,xc2xb5gm3,41.386406,2.1873982,13.5416666666666667,
Ciutadella,2022-04-21,NO2,xc2xb5gm3,41.386406,2.1873982,31.5416666666666667,
Ciutadella,2022-04-22,NO2,xc2xb5gm3,41.386406,2.1873982,33.5416666666666667,
Ciutadella,2022-04-23,NO2,xc2xb5gm3,41.386406,2.1873982,23.9166666666666667,
Ciutadella,2022-04-24,NO2,xc2xb5gm3,41.386406,2.1873982,13.5000000000000000,
Ciutadella,2022-04-25,NO2,xc2xb5gm3,41.386406,2.1873982,36.5000000000000000,
Ciutadella,2022-04-26,NO2,xc2xb5gm3,41.386406,2.1873982,52.4736842105263158,
Ciutadella,2022-04-27,NO2,xc2xb5gm3,41.386406,2.1873982,59.4782608695652174,
Ciutadella,2022-04-28,NO2,xc2xb5gm3,41.386406,2.1873982,68.5000000000000000,
Eixample,2022-01-01,NO2,xc2xb5gm3,41.385315,2.1537998,34.3333333333333333,
Eixample,2022-01-02,NO2,xc2xb5gm3,41.385315,2.1537998,31.7083333333333333,
Eixample,2022-01-03,NO2,xc2xb5gm3,41.385315,2.1537998,44.1250000000000000,
Eixample,2022-01-04,NO2,xc2xb5gm3,41.385315,2.1537998,56.4782608695652174,
Eixample,2022-01-05,NO2,xc2xb5gm3,41.385315,2.1537998,39.0000000000000000,
Eixample,2022-01-06,NO2,xc2xb5gm3,41.385315,2.1537998,21.9166666666666667,
Eixample,2022-01-07,NO2,xc2xb5gm3,41.385315,2.1537998,41.0000000000000000,
Eixample,2022-01-08,NO2,xc2xb5gm3,41.385315,2.1537998,27.8333333333333333,
Eixample,2022-01-09,NO2,xc2xb5gm3,41.385315,2.1537998,19.5416666666666667,
Eixample,2022-01-10,NO2,xc2xb5gm3,41.385315,2.1537998,48.8333333333333333,
Eixample,2022-01-11,NO2,xc2xb5gm3,41.385315,2.1537998,55.9583333333333333,
Eixample,2022-01-12,NO2,xc2xb5gm3,41.385315,2.1537998,40.3750000000000000,
Eixample,2022-01-13,NO2,xc2xb5gm3,41.385315,2.1537998,63.4166666666666667,
Eixample,2022-01-14,NO2,xc2xb5gm3,41.385315,2.1537998,73.4166666666666667,
Eixample,2022-01-15,NO2,xc2xb5gm3,41.385315,2.1537998,29.5833333333333333,
Eixample,2022-01-16,NO2,xc2xb5gm3,41.385315,2.1537998,44.2916666666666667,
Eixample,2022-01-17,NO2,xc2xb5gm3,41.385315,2.1537998,40.3750000000000000,
Eixample,2022-01-18,NO2,xc2xb5gm3,41.385315,2.1537998,47.0833333333333333,
Eixample,2022-01-19,NO2,xc2xb5gm3,41.385315,2.1537998,55.8181818181818182,
Eixample,2022-01-20,NO2,xc2xb5gm3,41.385315,2.1537998,54.4583333333333333,
Eixample,2022-01-21,NO2,xc2xb5gm3,41.385315,2.1537998,42.1250000000000000,
Eixample,2022-01-22,NO2,xc2xb5gm3,41.385315,2.1537998,32.9166666666666667,
Eixample,2022-01-23,NO2,xc2xb5gm3,41.385315,2.1537998,57.4166666666666667,
Eixample,2022-01-24,NO2,xc2xb5gm3,41.385315,2.1537998,73.8333333333333333,
Eixample,2022-01-25,NO2,xc2xb5gm3,41.385315,2.1537998,78.3333333333333333,
Eixample,2022-01-26,NO2,xc2xb5gm3,41.385315,2.1537998,70.3333333333333333,
Eixample,2022-01-27,NO2,xc2xb5gm3,41.385315,2.1537998,84.5000000000000000,
Eixample,2022-01-28,NO2,xc2xb5gm3,41.385315,2.1537998,73.8750000000000000,
Eixample,2022-01-29,NO2,xc2xb5gm3,41.385315,2.1537998,69.7083333333333333,
Eixample,2022-01-30,NO2,xc2xb5gm3,41.385315,2.1537998,51.4166666666666667,
Eixample,2022-01-31,NO2,xc2xb5gm3,41.385315,2.1537998,55.2916666666666667,
Eixample,2022-02-01,NO2,xc2xb5gm3,41.385315,2.1537998,50.7619047619047619,
Eixample,2022-02-02,NO2,xc2xb5gm3,41.385315,2.1537998,55.7916666666666667,
Eixample,2022-02-03,NO2,xc2xb5gm3,41.385315,2.1537998,72.7083333333333333,
Eixample,2022-02-04,NO2,xc2xb5gm3,41.385315,2.1537998,64.8333333333333333,
Eixample,2022-02-05,NO2,xc2xb5gm3,41.385315,2.1537998,44.0000000000000000,
Eixample,2022-02-06,NO2,xc2xb5gm3,41.385315,2.1537998,28.2916666666666667,
Eixample,2022-02-07,NO2,xc2xb5gm3,41.385315,2.1537998,49.6666666666666667,
Eixample,2022-02-08,NO2,xc2xb5gm3,41.385315,2.1537998,56.9583333333333333,
Eixample,2022-02-09,NO2,xc2xb5gm3,41.385315,2.1537998,48.0833333333333333,
Eixample,2022-02-10,NO2,xc2xb5gm3,41.385315,2.1537998,65.3333333333333333,
Eixample,2022-02-11,NO2,xc2xb5gm3,41.385315,2.1537998,74.3750000000000000,
Eixample,2022-02-12,NO2,xc2xb5gm3,41.385315,2.1537998,36.5416666666666667,
Eixample,2022-02-13,NO2,xc2xb5gm3,41.385315,2.1537998,35.5000000000000000,
Eixample,2022-02-14,NO2,xc2xb5gm3,41.385315,2.1537998,31.0416666666666667,
Eixample,2022-02-15,NO2,xc2xb5gm3,41.385315,2.1537998,32.4583333333333333,
Eixample,2022-02-16,NO2,xc2xb5gm3,41.385315,2.1537998,50.8181818181818182,
Eixample,2022-02-17,NO2,xc2xb5gm3,41.385315,2.1537998,55.5000000000000000,
Eixample,2022-02-18,NO2,xc2xb5gm3,41.385315,2.1537998,49.9583333333333333,
Eixample,2022-02-19,NO2,xc2xb5gm3,41.385315,2.1537998,36.5833333333333333,
Eixample,2022-02-20,NO2,xc2xb5gm3,41.385315,2.1537998,26.6250000000000000,
Eixample,2022-02-21,NO2,xc2xb5gm3,41.385315,2.1537998,43.3750000000000000,
Eixample,2022-02-22,NO2,xc2xb5gm3,41.385315,2.1537998,42.4583333333333333,
Eixample,2022-02-23,NO2,xc2xb5gm3,41.385315,2.1537998,44.7916666666666667,
Eixample,2022-02-24,NO2,xc2xb5gm3,41.385315,2.1537998,50.4166666666666667,
Eixample,2022-02-25,NO2,xc2xb5gm3,41.385315,2.1537998,55.4166666666666667,
Eixample,2022-02-26,NO2,xc2xb5gm3,41.385315,2.1537998,31.5416666666666667,
Eixample,2022-02-27,NO2,xc2xb5gm3,41.385315,2.1537998,46.7500000000000000,
Eixample,2022-02-28,NO2,xc2xb5gm3,41.385315,2.1537998,42.1666666666666667,
Eixample,2022-03-01,NO2,xc2xb5gm3,41.385315,2.1537998,44.2083333333333333,
Eixample,2022-03-02,NO2,xc2xb5gm3,41.385315,2.1537998,58.6363636363636364,
Eixample,2022-03-03,NO2,xc2xb5gm3,41.385315,2.1537998,33.9583333333333333,
Eixample,2022-03-04,NO2,xc2xb5gm3,41.385315,2.1537998,57.6666666666666667,
Eixample,2022-03-05,NO2,xc2xb5gm3,41.385315,2.1537998,23.5833333333333333,
Eixample,2022-03-06,NO2,xc2xb5gm3,41.385315,2.1537998,27.1666666666666667,
Eixample,2022-03-07,NO2,xc2xb5gm3,41.385315,2.1537998,40.8750000000000000,
Eixample,2022-03-08,NO2,xc2xb5gm3,41.385315,2.1537998,63.5833333333333333,
Eixample,2022-03-09,NO2,xc2xb5gm3,41.385315,2.1537998,52.2500000000000000,
Eixample,2022-03-10,NO2,xc2xb5gm3,41.385315,2.1537998,60.0000000000000000,
Eixample,2022-03-11,NO2,xc2xb5gm3,41.385315,2.1537998,61.9166666666666667,
Eixample,2022-03-12,NO2,xc2xb5gm3,41.385315,2.1537998,43.7083333333333333,
Eixample,2022-03-13,NO2,xc2xb5gm3,41.385315,2.1537998,43.7916666666666667,
Eixample,2022-03-14,NO2,xc2xb5gm3,41.385315,2.1537998,24.1250000000000000,
Eixample,2022-03-15,NO2,xc2xb5gm3,41.385315,2.1537998,23.5416666666666667,
Eixample,2022-03-16,NO2,xc2xb5gm3,41.385315,2.1537998,26.3333333333333333,
Eixample,2022-03-17,NO2,xc2xb5gm3,41.385315,2.1537998,31.5416666666666667,
Eixample,2022-03-18,NO2,xc2xb5gm3,41.385315,2.1537998,30.9166666666666667,
Eixample,2022-03-19,NO2,xc2xb5gm3,41.385315,2.1537998,31.6250000000000000,
Eixample,2022-03-20,NO2,xc2xb5gm3,41.385315,2.1537998,27.3750000000000000,
Eixample,2022-03-21,NO2,xc2xb5gm3,41.385315,2.1537998,23.5000000000000000,
Eixample,2022-03-22,NO2,xc2xb5gm3,41.385315,2.1537998,30.9166666666666667,
Eixample,2022-03-23,NO2,xc2xb5gm3,41.385315,2.1537998,40.8750000000000000,
Eixample,2022-03-24,NO2,xc2xb5gm3,41.385315,2.1537998,47.0416666666666667,
Eixample,2022-03-25,NO2,xc2xb5gm3,41.385315,2.1537998,40.0000000000000000,
Eixample,2022-03-26,NO2,xc2xb5gm3,41.385315,2.1537998,35.2083333333333333,
Eixample,2022-03-27,NO2,xc2xb5gm3,41.385315,2.1537998,30.6521739130434783,
Eixample,2022-03-28,NO2,xc2xb5gm3,41.385315,2.1537998,78.1666666666666667,
Eixample,2022-03-29,NO2,xc2xb5gm3,41.385315,2.1537998,48.3750000000000000,
Eixample,2022-03-30,NO2,xc2xb5gm3,41.385315,2.1537998,43.1666666666666667,
Eixample,2022-03-31,NO2,xc2xb5gm3,41.385315,2.1537998,36.5500000000000000,
Eixample,2022-04-01,NO2,xc2xb5gm3,41.385315,2.1537998,30.2083333333333333,
Eixample,2022-04-02,NO2,xc2xb5gm3,41.385315,2.1537998,19.5833333333333333,
Eixample,2022-04-03,NO2,xc2xb5gm3,41.385315,2.1537998,28.2500000000000000,
Eixample,2022-04-04,NO2,xc2xb5gm3,41.385315,2.1537998,36.6250000000000000,
Eixample,2022-04-05,NO2,xc2xb5gm3,41.385315,2.1537998,51.8750000000000000,
Eixample,2022-04-06,NO2,xc2xb5gm3,41.385315,2.1537998,57.1250000000000000,
Eixample,2022-04-07,NO2,xc2xb5gm3,41.385315,2.1537998,52.1666666666666667,
Eixample,2022-04-08,NO2,xc2xb5gm3,41.385315,2.1537998,40.9583333333333333,
Eixample,2022-04-09,NO2,xc2xb5gm3,41.385315,2.1537998,25.1250000000000000,
Eixample,2022-04-10,NO2,xc2xb5gm3,41.385315,2.1537998,19.6250000000000000,
Eixample,2022-04-11,NO2,xc2xb5gm3,41.385315,2.1537998,31.9583333333333333,
Eixample,2022-04-12,NO2,xc2xb5gm3,41.385315,2.1537998,26.3333333333333333,
Eixample,2022-04-13,NO2,xc2xb5gm3,41.385315,2.1537998,30.7500000000000000,
Eixample,2022-04-14,NO2,xc2xb5gm3,41.385315,2.1537998,49.7500000000000000,
Eixample,2022-04-15,NO2,xc2xb5gm3,41.385315,2.1537998,62.6250000000000000,
Eixample,2022-04-16,NO2,xc2xb5gm3,41.385315,2.1537998,50.0000000000000000,
Eixample,2022-04-17,NO2,xc2xb5gm3,41.385315,2.1537998,37.6666666666666667,
Eixample,2022-04-18,NO2,xc2xb5gm3,41.385315,2.1537998,38.4166666666666667,
Eixample,2022-04-19,NO2,xc2xb5gm3,41.385315,2.1537998,55.3750000000000000,
Eixample,2022-04-20,NO2,xc2xb5gm3,41.385315,2.1537998,31.8750000000000000,
Eixample,2022-04-21,NO2,xc2xb5gm3,41.385315,2.1537998,41.1428571428571429,
Eixample,2022-04-22,NO2,xc2xb5gm3,41.385315,2.1537998,40.7916666666666667,
Eixample,2022-04-23,NO2,xc2xb5gm3,41.385315,2.1537998,32.5652173913043478,
Eixample,2022-04-24,NO2,xc2xb5gm3,41.385315,2.1537998,18.6521739130434783,
Eixample,2022-04-25,NO2,xc2xb5gm3,41.385315,2.1537998,45.7916666666666667,
Eixample,2022-04-26,NO2,xc2xb5gm3,41.385315,2.1537998,55.8333333333333333,
Eixample,2022-04-27,NO2,xc2xb5gm3,41.385315,2.1537998,72.1250000000000000,
Eixample,2022-04-28,NO2,xc2xb5gm3,41.385315,2.1537998,85.5000000000000000,
Grxc3xa0cia - Sant Gervasi,2022-01-01,NO2,xc2xb5gm3,41.398724,2.1533988,28.5000000000000000,
Grxc3xa0cia - Sant Gervasi,2022-01-02,NO2,xc2xb5gm3,41.398724,2.1533988,27.0416666666666667,
Grxc3xa0cia - Sant Gervasi,2022-01-03,NO2,xc2xb5gm3,41.398724,2.1533988,44.7500000000000000,
Grxc3xa0cia - Sant Gervasi,2022-01-04,NO2,xc2xb5gm3,41.398724,2.1533988,55.9090909090909091,
Grxc3xa0cia - Sant Gervasi,2022-01-05,NO2,xc2xb5gm3,41.398724,2.1533988,32.4166666666666667,
Grxc3xa0cia - Sant Gervasi,2022-01-06,NO2,xc2xb5gm3,41.398724,2.1533988,19.4166666666666667,
Grxc3xa0cia - Sant Gervasi,2022-01-07,NO2,xc2xb5gm3,41.398724,2.1533988,37.9166666666666667,
Grxc3xa0cia - Sant Gervasi,2022-01-08,NO2,xc2xb5gm3,41.398724,2.1533988,20.1250000000000000,
Grxc3xa0cia - Sant Gervasi,2022-01-09,NO2,xc2xb5gm3,41.398724,2.1533988,11.7500000000000000,
Grxc3xa0cia - Sant Gervasi,2022-01-10,NO2,xc2xb5gm3,41.398724,2.1533988,40.3333333333333333,
Grxc3xa0cia - Sant Gervasi,2022-01-11,NO2,xc2xb5gm3,41.398724,2.1533988,51.8333333333333333,
Grxc3xa0cia - Sant Gervasi,2022-01-12,NO2,xc2xb5gm3,41.398724,2.1533988,34.4583333333333333,
Grxc3xa0cia - Sant Gervasi,2022-01-13,NO2,xc2xb5gm3,41.398724,2.1533988,55.7083333333333333,
Grxc3xa0cia - Sant Gervasi,2022-01-14,NO2,xc2xb5gm3,41.398724,2.1533988,49.1666666666666667,
Grxc3xa0cia - Sant Gervasi,2022-01-15,NO2,xc2xb5gm3,41.398724,2.1533988,35.5416666666666667,
Grxc3xa0cia - Sant Gervasi,2022-01-16,NO2,xc2xb5gm3,41.398724,2.1533988,57.7083333333333333,
Grxc3xa0cia - Sant Gervasi,2022-01-17,NO2,xc2xb5gm3,41.398724,2.1533988,62.2500000000000000,
Grxc3xa0cia - Sant Gervasi,2022-01-18,NO2,xc2xb5gm3,41.398724,2.1533988,47.7500000000000000,
Grxc3xa0cia - Sant Gervasi,2022-01-19,NO2,xc2xb5gm3,41.398724,2.1533988,42.0833333333333333,
Grxc3xa0cia - Sant Gervasi,2022-01-20,NO2,xc2xb5gm3,41.398724,2.1533988,43.2916666666666667,
Grxc3xa0cia - Sant Gervasi,2022-01-21,NO2,xc2xb5gm3,41.398724,2.1533988,27.7083333333333333,
Grxc3xa0cia - Sant Gervasi,2022-01-22,NO2,xc2xb5gm3,41.398724,2.1533988,29.2916666666666667,
Grxc3xa0cia - Sant Gervasi,2022-01-23,NO2,xc2xb5gm3,41.398724,2.1533988,36.5416666666666667,
Grxc3xa0cia - Sant Gervasi,2022-01-24,NO2,xc2xb5gm3,41.398724,2.1533988,49.4583333333333333,
Grxc3xa0cia - Sant Gervasi,2022-01-25,NO2,xc2xb5gm3,41.398724,2.1533988,61.7083333333333333,
Grxc3xa0cia - Sant Gervasi,2022-01-26,NO2,xc2xb5gm3,41.398724,2.1533988,60.8750000000000000,
Grxc3xa0cia - Sant Gervasi,2022-01-27,NO2,xc2xb5gm3,41.398724,2.1533988,65.8333333333333333,
Grxc3xa0cia - Sant Gervasi,2022-01-28,NO2,xc2xb5gm3,41.398724,2.1533988,79.0000000000000000,
Grxc3xa0cia - Sant Gervasi,2022-01-29,NO2,xc2xb5gm3,41.398724,2.1533988,66.5000000000000000,
Grxc3xa0cia - Sant Gervasi,2022-01-30,NO2,xc2xb5gm3,41.398724,2.1533988,48.1666666666666667,
Grxc3xa0cia - Sant Gervasi,2022-01-31,NO2,xc2xb5gm3,41.398724,2.1533988,39.2500000000000000,
Grxc3xa0cia - Sant Gervasi,2022-02-01,NO2,xc2xb5gm3,41.398724,2.1533988,37.3750000000000000,
Grxc3xa0cia - Sant Gervasi,2022-02-02,NO2,xc2xb5gm3,41.398724,2.1533988,47.0500000000000000,
Grxc3xa0cia - Sant Gervasi,2022-02-03,NO2,xc2xb5gm3,41.398724,2.1533988,62.3333333333333333,
Grxc3xa0cia - Sant Gervasi,2022-02-04,NO2,xc2xb5gm3,41.398724,2.1533988,53.1250000000000000,
Grxc3xa0cia - Sant Gervasi,2022-02-05,NO2,xc2xb5gm3,41.398724,2.1533988,35.2500000000000000,
Grxc3xa0cia - Sant Gervasi,2022-02-06,NO2,xc2xb5gm3,41.398724,2.1533988,19.7083333333333333,
Grxc3xa0cia - Sant Gervasi,2022-02-07,NO2,xc2xb5gm3,41.398724,2.1533988,44.3750000000000000,
Grxc3xa0cia - Sant Gervasi,2022-02-08,NO2,xc2xb5gm3,41.398724,2.1533988,48.1666666666666667,
Grxc3xa0cia - Sant Gervasi,2022-02-09,NO2,xc2xb5gm3,41.398724,2.1533988,35.2916666666666667,
Grxc3xa0cia - Sant Gervasi,2022-02-10,NO2,xc2xb5gm3,41.398724,2.1533988,48.3750000000000000,
Grxc3xa0cia - Sant Gervasi,2022-02-11,NO2,xc2xb5gm3,41.398724,2.1533988,59.2500000000000000,
Grxc3xa0cia - Sant Gervasi,2022-02-12,NO2,xc2xb5gm3,41.398724,2.1533988,19.2916666666666667,
Grxc3xa0cia - Sant Gervasi,2022-02-13,NO2,xc2xb5gm3,41.398724,2.1533988,24.2916666666666667,
Grxc3xa0cia - Sant Gervasi,2022-02-14,NO2,xc2xb5gm3,41.398724,2.1533988,22.5416666666666667,
Grxc3xa0cia - Sant Gervasi,2022-02-15,NO2,xc2xb5gm3,41.398724,2.1533988,27.8571428571428571,
Grxc3xa0cia - Sant Gervasi,2022-02-16,NO2,xc2xb5gm3,41.398724,2.1533988,45.6250000000000000,
Grxc3xa0cia - Sant Gervasi,2022-02-17,NO2,xc2xb5gm3,41.398724,2.1533988,47.2916666666666667,
Grxc3xa0cia - Sant Gervasi,2022-02-18,NO2,xc2xb5gm3,41.398724,2.1533988,51.8750000000000000,
Grxc3xa0cia - Sant Gervasi,2022-02-19,NO2,xc2xb5gm3,41.398724,2.1533988,29.1250000000000000,
Grxc3xa0cia - Sant Gervasi,2022-02-20,NO2,xc2xb5gm3,41.398724,2.1533988,21.1666666666666667,
Grxc3xa0cia - Sant Gervasi,2022-02-21,NO2,xc2xb5gm3,41.398724,2.1533988,32.5833333333333333,
Grxc3xa0cia - Sant Gervasi,2022-02-22,NO2,xc2xb5gm3,41.398724,2.1533988,38.2500000000000000,
Grxc3xa0cia - Sant Gervasi,2022-02-23,NO2,xc2xb5gm3,41.398724,2.1533988,41.8333333333333333,
Grxc3xa0cia - Sant Gervasi,2022-02-24,NO2,xc2xb5gm3,41.398724,2.1533988,43.7083333333333333,
Grxc3xa0cia - Sant Gervasi,2022-02-25,NO2,xc2xb5gm3,41.398724,2.1533988,47.2083333333333333,
Grxc3xa0cia - Sant Gervasi,2022-02-26,NO2,xc2xb5gm3,41.398724,2.1533988,23.1666666666666667,
Grxc3xa0cia - Sant Gervasi,2022-02-27,NO2,xc2xb5gm3,41.398724,2.1533988,34.0833333333333333,
Grxc3xa0cia - Sant Gervasi,2022-02-28,NO2,xc2xb5gm3,41.398724,2.1533988,36.1666666666666667,
Grxc3xa0cia - Sant Gervasi,2022-03-01,NO2,xc2xb5gm3,41.398724,2.1533988,32.1666666666666667,
Grxc3xa0cia - Sant Gervasi,2022-03-02,NO2,xc2xb5gm3,41.398724,2.1533988,55.4166666666666667,
Grxc3xa0cia - Sant Gervasi,2022-03-03,NO2,xc2xb5gm3,41.398724,2.1533988,37.5833333333333333,
Grxc3xa0cia - Sant Gervasi,2022-03-04,NO2,xc2xb5gm3,41.398724,2.1533988,50.3181818181818182,
Grxc3xa0cia - Sant Gervasi,2022-03-05,NO2,xc2xb5gm3,41.398724,2.1533988,23.6666666666666667,
Grxc3xa0cia - Sant Gervasi,2022-03-06,NO2,xc2xb5gm3,41.398724,2.1533988,22.0833333333333333,
Grxc3xa0cia - Sant Gervasi,2022-03-07,NO2,xc2xb5gm3,41.398724,2.1533988,34.0000000000000000,
Grxc3xa0cia - Sant Gervasi,2022-03-08,NO2,xc2xb5gm3,41.398724,2.1533988,56.1250000000000000,
Grxc3xa0cia - Sant Gervasi,2022-03-09,NO2,xc2xb5gm3,41.398724,2.1533988,44.7916666666666667,
Grxc3xa0cia - Sant Gervasi,2022-03-10,NO2,xc2xb5gm3,41.398724,2.1533988,50.1250000000000000,
Grxc3xa0cia - Sant Gervasi,2022-03-11,NO2,xc2xb5gm3,41.398724,2.1533988,54.7500000000000000,
Grxc3xa0cia - Sant Gervasi,2022-03-12,NO2,xc2xb5gm3,41.398724,2.1533988,33.0000000000000000,
Grxc3xa0cia - Sant Gervasi,2022-03-13,NO2,xc2xb5gm3,41.398724,2.1533988,33.9583333333333333,
Grxc3xa0cia - Sant Gervasi,2022-03-14,NO2,xc2xb5gm3,41.398724,2.1533988,17.2083333333333333,
Grxc3xa0cia - Sant Gervasi,2022-03-15,NO2,xc2xb5gm3,41.398724,2.1533988,14.8333333333333333,
Grxc3xa0cia - Sant Gervasi,2022-03-16,NO2,xc2xb5gm3,41.398724,2.1533988,18.2083333333333333,
Grxc3xa0cia - Sant Gervasi,2022-03-17,NO2,xc2xb5gm3,41.398724,2.1533988,18.9090909090909091,
Grxc3xa0cia - Sant Gervasi,2022-03-18,NO2,xc2xb5gm3,41.398724,2.1533988,18.3333333333333333,
Grxc3xa0cia - Sant Gervasi,2022-03-19,NO2,xc2xb5gm3,41.398724,2.1533988,19.1666666666666667,
Grxc3xa0cia - Sant Gervasi,2022-03-20,NO2,xc2xb5gm3,41.398724,2.1533988,17.6250000000000000,
Grxc3xa0cia - Sant Gervasi,2022-03-21,NO2,xc2xb5gm3,41.398724,2.1533988,15.3333333333333333,
Grxc3xa0cia - Sant Gervasi,2022-03-22,NO2,xc2xb5gm3,41.398724,2.1533988,21.5416666666666667,
Grxc3xa0cia - Sant Gervasi,2022-03-23,NO2,xc2xb5gm3,41.398724,2.1533988,29.0416666666666667,
Grxc3xa0cia - Sant Gervasi,2022-03-24,NO2,xc2xb5gm3,41.398724,2.1533988,35.4166666666666667,
Grxc3xa0cia - Sant Gervasi,2022-03-25,NO2,xc2xb5gm3,41.398724,2.1533988,27.2500000000000000,
Grxc3xa0cia - Sant Gervasi,2022-03-26,NO2,xc2xb5gm3,41.398724,2.1533988,19.5000000000000000,
Grxc3xa0cia - Sant Gervasi,2022-03-27,NO2,xc2xb5gm3,41.398724,2.1533988,21.7391304347826087,
Grxc3xa0cia - Sant Gervasi,2022-03-28,NO2,xc2xb5gm3,41.398724,2.1533988,54.2916666666666667,
Grxc3xa0cia - Sant Gervasi,2022-03-29,NO2,xc2xb5gm3,41.398724,2.1533988,36.1666666666666667,
Grxc3xa0cia - Sant Gervasi,2022-03-30,NO2,xc2xb5gm3,41.398724,2.1533988,41.9583333333333333,
Grxc3xa0cia - Sant Gervasi,2022-03-31,NO2,xc2xb5gm3,41.398724,2.1533988,47.6250000000000000,
Grxc3xa0cia - Sant Gervasi,2022-04-01,NO2,xc2xb5gm3,41.398724,2.1533988,39.2631578947368421,
Grxc3xa0cia - Sant Gervasi,2022-04-02,NO2,xc2xb5gm3,41.398724,2.1533988,15.3636363636363636,
Grxc3xa0cia - Sant Gervasi,2022-04-03,NO2,xc2xb5gm3,41.398724,2.1533988,21.2083333333333333,
Grxc3xa0cia - Sant Gervasi,2022-04-04,NO2,xc2xb5gm3,41.398724,2.1533988,34.8888888888888889,
Grxc3xa0cia - Sant Gervasi,2022-04-05,NO2,xc2xb5gm3,41.398724,2.1533988,41.0000000000000000,
Grxc3xa0cia - Sant Gervasi,2022-04-06,NO2,xc2xb5gm3,41.398724,2.1533988,54.1250000000000000,
Grxc3xa0cia - Sant Gervasi,2022-04-07,NO2,xc2xb5gm3,41.398724,2.1533988,44.8333333333333333,
Grxc3xa0cia - Sant Gervasi,2022-04-08,NO2,xc2xb5gm3,41.398724,2.1533988,36.5000000000000000,
Grxc3xa0cia - Sant Gervasi,2022-04-09,NO2,xc2xb5gm3,41.398724,2.1533988,13.5833333333333333,
Grxc3xa0cia - Sant Gervasi,2022-04-10,NO2,xc2xb5gm3,41.398724,2.1533988,16.7916666666666667,
Grxc3xa0cia - Sant Gervasi,2022-04-11,NO2,xc2xb5gm3,41.398724,2.1533988,26.8750000000000000,
Grxc3xa0cia - Sant Gervasi,2022-04-12,NO2,xc2xb5gm3,41.398724,2.1533988,14.4583333333333333,
Grxc3xa0cia - Sant Gervasi,2022-04-13,NO2,xc2xb5gm3,41.398724,2.1533988,19.6250000000000000,
Grxc3xa0cia - Sant Gervasi,2022-04-14,NO2,xc2xb5gm3,41.398724,2.1533988,30.4583333333333333,
Grxc3xa0cia - Sant Gervasi,2022-04-15,NO2,xc2xb5gm3,41.398724,2.1533988,58.7083333333333333,
Grxc3xa0cia - Sant Gervasi,2022-04-16,NO2,xc2xb5gm3,41.398724,2.1533988,37.7916666666666667,
Grxc3xa0cia - Sant Gervasi,2022-04-17,NO2,xc2xb5gm3,41.398724,2.1533988,33.1666666666666667,
Grxc3xa0cia - Sant Gervasi,2022-04-18,NO2,xc2xb5gm3,41.398724,2.1533988,30.6666666666666667,
Grxc3xa0cia - Sant Gervasi,2022-04-19,NO2,xc2xb5gm3,41.398724,2.1533988,43.8333333333333333,
Grxc3xa0cia - Sant Gervasi,2022-04-20,NO2,xc2xb5gm3,41.398724,2.1533988,21.7916666666666667,
Grxc3xa0cia - Sant Gervasi,2022-04-21,NO2,xc2xb5gm3,41.398724,2.1533988,36.1250000000000000,
Grxc3xa0cia - Sant Gervasi,2022-04-22,NO2,xc2xb5gm3,41.398724,2.1533988,31.5454545454545455,
Grxc3xa0cia - Sant Gervasi,2022-04-23,NO2,xc2xb5gm3,41.398724,2.1533988,25.1250000000000000,
Grxc3xa0cia - Sant Gervasi,2022-04-24,NO2,xc2xb5gm3,41.398724,2.1533988,13.0416666666666667,
Grxc3xa0cia - Sant Gervasi,2022-04-25,NO2,xc2xb5gm3,41.398724,2.1533988,34.4583333333333333,
Grxc3xa0cia - Sant Gervasi,2022-04-26,NO2,xc2xb5gm3,41.398724,2.1533988,52.9166666666666667,
Grxc3xa0cia - Sant Gervasi,2022-04-27,NO2,xc2xb5gm3,41.398724,2.1533988,66.7916666666666667,
Grxc3xa0cia - Sant Gervasi,2022-04-28,NO2,xc2xb5gm3,41.398724,2.1533988,64.7500000000000000,
Observatori Fabra,2022-01-01,NO2,xc2xb5gm3,41.41843,2.1238973,2.9166666666666667,
Observatori Fabra,2022-01-02,NO2,xc2xb5gm3,41.41843,2.1238973,9.3333333333333333,
Observatori Fabra,2022-01-03,NO2,xc2xb5gm3,41.41843,2.1238973,10.9583333333333333,
Observatori Fabra,2022-01-04,NO2,xc2xb5gm3,41.41843,2.1238973,7.2083333333333333,
Observatori Fabra,2022-01-05,NO2,xc2xb5gm3,41.41843,2.1238973,9.2500000000000000,
Observatori Fabra,2022-01-06,NO2,xc2xb5gm3,41.41843,2.1238973,1.6666666666666667,
Observatori Fabra,2022-01-07,NO2,xc2xb5gm3,41.41843,2.1238973,8.9583333333333333,
Observatori Fabra,2022-01-08,NO2,xc2xb5gm3,41.41843,2.1238973,2.3333333333333333,
Observatori Fabra,2022-01-09,NO2,xc2xb5gm3,41.41843,2.1238973,1.7083333333333333,
Observatori Fabra,2022-01-10,NO2,xc2xb5gm3,41.41843,2.1238973,11.2727272727272727,
Observatori Fabra,2022-01-11,NO2,xc2xb5gm3,41.41843,2.1238973,16.5000000000000000,
Observatori Fabra,2022-01-12,NO2,xc2xb5gm3,41.41843,2.1238973,13.0416666666666667,
Observatori Fabra,2022-01-13,NO2,xc2xb5gm3,41.41843,2.1238973,25.7916666666666667,
Observatori Fabra,2022-01-14,NO2,xc2xb5gm3,41.41843,2.1238973,10.8750000000000000,
Observatori Fabra,2022-01-15,NO2,xc2xb5gm3,41.41843,2.1238973,7.0000000000000000,
Observatori Fabra,2022-01-16,NO2,xc2xb5gm3,41.41843,2.1238973,10.1666666666666667,
Observatori Fabra,2022-01-17,NO2,xc2xb5gm3,41.41843,2.1238973,7.2500000000000000,
Observatori Fabra,2022-01-18,NO2,xc2xb5gm3,41.41843,2.1238973,10.8750000000000000,
Observatori Fabra,2022-01-19,NO2,xc2xb5gm3,41.41843,2.1238973,11.5000000000000000,
Observatori Fabra,2022-01-20,NO2,xc2xb5gm3,41.41843,2.1238973,11.6190476190476190,
Observatori Fabra,2022-01-21,NO2,xc2xb5gm3,41.41843,2.1238973,6.1250000000000000,
Observatori Fabra,2022-01-22,NO2,xc2xb5gm3,41.41843,2.1238973,4.2500000000000000,
Observatori Fabra,2022-01-23,NO2,xc2xb5gm3,41.41843,2.1238973,7.5000000000000000,
Observatori Fabra,2022-01-24,NO2,xc2xb5gm3,41.41843,2.1238973,8.0000000000000000,
Observatori Fabra,2022-01-25,NO2,xc2xb5gm3,41.41843,2.1238973,12.2083333333333333,
Observatori Fabra,2022-01-26,NO2,xc2xb5gm3,41.41843,2.1238973,20.7916666666666667,
Observatori Fabra,2022-01-27,NO2,xc2xb5gm3,41.41843,2.1238973,12.0416666666666667,
Observatori Fabra,2022-01-28,NO2,xc2xb5gm3,41.41843,2.1238973,9.5416666666666667,
Observatori Fabra,2022-01-29,NO2,xc2xb5gm3,41.41843,2.1238973,14.7500000000000000,
Observatori Fabra,2022-01-30,NO2,xc2xb5gm3,41.41843,2.1238973,7.6250000000000000,
Observatori Fabra,2022-01-31,NO2,xc2xb5gm3,41.41843,2.1238973,14.3750000000000000,
Observatori Fabra,2022-02-01,NO2,xc2xb5gm3,41.41843,2.1238973,10.3750000000000000,
Observatori Fabra,2022-02-02,NO2,xc2xb5gm3,41.41843,2.1238973,12.7916666666666667,
Observatori Fabra,2022-02-03,NO2,xc2xb5gm3,41.41843,2.1238973,14.7142857142857143,
Observatori Fabra,2022-02-04,NO2,xc2xb5gm3,41.41843,2.1238973,12.0416666666666667,
Observatori Fabra,2022-02-05,NO2,xc2xb5gm3,41.41843,2.1238973,14.8333333333333333,
Observatori Fabra,2022-02-06,NO2,xc2xb5gm3,41.41843,2.1238973,7.0416666666666667,
Observatori Fabra,2022-02-07,NO2,xc2xb5gm3,41.41843,2.1238973,8.4166666666666667,
Observatori Fabra,2022-02-08,NO2,xc2xb5gm3,41.41843,2.1238973,7.2083333333333333,
Observatori Fabra,2022-02-09,NO2,xc2xb5gm3,41.41843,2.1238973,6.4166666666666667,
Observatori Fabra,2022-02-10,NO2,xc2xb5gm3,41.41843,2.1238973,6.4583333333333333,
Observatori Fabra,2022-02-11,NO2,xc2xb5gm3,41.41843,2.1238973,13.2916666666666667,
Observatori Fabra,2022-02-12,NO2,xc2xb5gm3,41.41843,2.1238973,8.0000000000000000,
Observatori Fabra,2022-02-13,NO2,xc2xb5gm3,41.41843,2.1238973,3.7083333333333333,
Observatori Fabra,2022-02-14,NO2,xc2xb5gm3,41.41843,2.1238973,5.1250000000000000,
Observatori Fabra,2022-02-15,NO2,xc2xb5gm3,41.41843,2.1238973,6.5416666666666667,
Observatori Fabra,2022-02-16,NO2,xc2xb5gm3,41.41843,2.1238973,10.4090909090909091,
Observatori Fabra,2022-02-17,NO2,xc2xb5gm3,41.41843,2.1238973,11.2500000000000000,
Observatori Fabra,2022-02-18,NO2,xc2xb5gm3,41.41843,2.1238973,15.1666666666666667,
Observatori Fabra,2022-02-19,NO2,xc2xb5gm3,41.41843,2.1238973,8.1250000000000000,
Observatori Fabra,2022-02-20,NO2,xc2xb5gm3,41.41843,2.1238973,6.8333333333333333,
Observatori Fabra,2022-02-21,NO2,xc2xb5gm3,41.41843,2.1238973,7.4166666666666667,
Observatori Fabra,2022-02-22,NO2,xc2xb5gm3,41.41843,2.1238973,10.2916666666666667,
Observatori Fabra,2022-02-23,NO2,xc2xb5gm3,41.41843,2.1238973,10.2916666666666667,
Observatori Fabra,2022-02-24,NO2,xc2xb5gm3,41.41843,2.1238973,11.1666666666666667,
Observatori Fabra,2022-02-25,NO2,xc2xb5gm3,41.41843,2.1238973,11.1666666666666667,
Observatori Fabra,2022-02-26,NO2,xc2xb5gm3,41.41843,2.1238973,9.7916666666666667,
Observatori Fabra,2022-02-27,NO2,xc2xb5gm3,41.41843,2.1238973,6.5416666666666667,
Observatori Fabra,2022-02-28,NO2,xc2xb5gm3,41.41843,2.1238973,8.0833333333333333,
Observatori Fabra,2022-03-01,NO2,xc2xb5gm3,41.41843,2.1238973,10.4166666666666667,
Observatori Fabra,2022-03-02,NO2,xc2xb5gm3,41.41843,2.1238973,14.6818181818181818,
Observatori Fabra,2022-03-03,NO2,xc2xb5gm3,41.41843,2.1238973,7.9583333333333333,
Observatori Fabra,2022-03-04,NO2,xc2xb5gm3,41.41843,2.1238973,13.6666666666666667,
Observatori Fabra,2022-03-05,NO2,xc2xb5gm3,41.41843,2.1238973,4.5416666666666667,
Observatori Fabra,2022-03-06,NO2,xc2xb5gm3,41.41843,2.1238973,8.9166666666666667,
Observatori Fabra,2022-03-07,NO2,xc2xb5gm3,41.41843,2.1238973,12.2500000000000000,
Observatori Fabra,2022-03-08,NO2,xc2xb5gm3,41.41843,2.1238973,10.6250000000000000,
Observatori Fabra,2022-03-09,NO2,xc2xb5gm3,41.41843,2.1238973,9.0000000000000000,
Observatori Fabra,2022-03-10,NO2,xc2xb5gm3,41.41843,2.1238973,7.8750000000000000,
Observatori Fabra,2022-03-11,NO2,xc2xb5gm3,41.41843,2.1238973,20.5833333333333333,
Observatori Fabra,2022-03-12,NO2,xc2xb5gm3,41.41843,2.1238973,6.1000000000000000,
Observatori Fabra,2022-03-13,NO2,xc2xb5gm3,41.41843,2.1238973,6.8333333333333333,
Observatori Fabra,2022-03-14,NO2,xc2xb5gm3,41.41843,2.1238973,6.8333333333333333,
Observatori Fabra,2022-03-15,NO2,xc2xb5gm3,41.41843,2.1238973,6.2500000000000000,
Observatori Fabra,2022-03-16,NO2,xc2xb5gm3,41.41843,2.1238973,5.7916666666666667,
Observatori Fabra,2022-03-17,NO2,xc2xb5gm3,41.41843,2.1238973,7.3333333333333333,
Observatori Fabra,2022-03-18,NO2,xc2xb5gm3,41.41843,2.1238973,6.6250000000000000,
Observatori Fabra,2022-03-19,NO2,xc2xb5gm3,41.41843,2.1238973,6.7500000000000000,
Observatori Fabra,2022-03-20,NO2,xc2xb5gm3,41.41843,2.1238973,5.4166666666666667,
Observatori Fabra,2022-03-21,NO2,xc2xb5gm3,41.41843,2.1238973,5.4583333333333333,
Observatori Fabra,2022-03-22,NO2,xc2xb5gm3,41.41843,2.1238973,6.8333333333333333,
Observatori Fabra,2022-03-23,NO2,xc2xb5gm3,41.41843,2.1238973,5.8636363636363636,
Observatori Fabra,2022-03-24,NO2,xc2xb5gm3,41.41843,2.1238973,10.0000000000000000,
Observatori Fabra,2022-03-25,NO2,xc2xb5gm3,41.41843,2.1238973,7.5833333333333333,
Observatori Fabra,2022-03-26,NO2,xc2xb5gm3,41.41843,2.1238973,4.8750000000000000,
Observatori Fabra,2022-03-27,NO2,xc2xb5gm3,41.41843,2.1238973,4.0434782608695652,
Observatori Fabra,2022-03-28,NO2,xc2xb5gm3,41.41843,2.1238973,14.1250000000000000,
Observatori Fabra,2022-03-29,NO2,xc2xb5gm3,41.41843,2.1238973,7.4166666666666667,
Observatori Fabra,2022-03-30,NO2,xc2xb5gm3,41.41843,2.1238973,11.5416666666666667,
Observatori Fabra,2022-03-31,NO2,xc2xb5gm3,41.41843,2.1238973,9.5416666666666667,
Observatori Fabra,2022-04-01,NO2,xc2xb5gm3,41.41843,2.1238973,4.5000000000000000,
Observatori Fabra,2022-04-02,NO2,xc2xb5gm3,41.41843,2.1238973,4.1250000000000000,
Observatori Fabra,2022-04-03,NO2,xc2xb5gm3,41.41843,2.1238973,6.4583333333333333,
Observatori Fabra,2022-04-04,NO2,xc2xb5gm3,41.41843,2.1238973,6.1250000000000000,
Observatori Fabra,2022-04-05,NO2,xc2xb5gm3,41.41843,2.1238973,8.7500000000000000,
Observatori Fabra,2022-04-06,NO2,xc2xb5gm3,41.41843,2.1238973,10.4761904761904762,
Observatori Fabra,2022-04-07,NO2,xc2xb5gm3,41.41843,2.1238973,7.3750000000000000,
Observatori Fabra,2022-04-08,NO2,xc2xb5gm3,41.41843,2.1238973,4.9583333333333333,
Observatori Fabra,2022-04-09,NO2,xc2xb5gm3,41.41843,2.1238973,5.1666666666666667,
Observatori Fabra,2022-04-10,NO2,xc2xb5gm3,41.41843,2.1238973,4.4166666666666667,
Observatori Fabra,2022-04-11,NO2,xc2xb5gm3,41.41843,2.1238973,6.5416666666666667,
Observatori Fabra,2022-04-12,NO2,xc2xb5gm3,41.41843,2.1238973,6.3750000000000000,
Observatori Fabra,2022-04-13,NO2,xc2xb5gm3,41.41843,2.1238973,8.2083333333333333,
Observatori Fabra,2022-04-14,NO2,xc2xb5gm3,41.41843,2.1238973,5.8333333333333333,
Observatori Fabra,2022-04-15,NO2,xc2xb5gm3,41.41843,2.1238973,7.5416666666666667,
Observatori Fabra,2022-04-16,NO2,xc2xb5gm3,41.41843,2.1238973,6.0833333333333333,
Observatori Fabra,2022-04-17,NO2,xc2xb5gm3,41.41843,2.1238973,7.4166666666666667,
Observatori Fabra,2022-04-18,NO2,xc2xb5gm3,41.41843,2.1238973,11.9583333333333333,
Observatori Fabra,2022-04-19,NO2,xc2xb5gm3,41.41843,2.1238973,14.8750000000000000,
Observatori Fabra,2022-04-20,NO2,xc2xb5gm3,41.41843,2.1238973,8.5416666666666667,
Observatori Fabra,2022-04-21,NO2,xc2xb5gm3,41.41843,2.1238973,6.0000000000000000,
Observatori Fabra,2022-04-22,NO2,xc2xb5gm3,41.41843,2.1238973,9.0000000000000000,
Observatori Fabra,2022-04-23,NO2,xc2xb5gm3,41.41843,2.1238973,8.7857142857142857,
Observatori Fabra,2022-04-24,NO2,xc2xb5gm3,41.41843,2.1238973,,
Observatori Fabra,2022-04-25,NO2,xc2xb5gm3,41.41843,2.1238973,7.8666666666666667,
Observatori Fabra,2022-04-26,NO2,xc2xb5gm3,41.41843,2.1238973,8.7083333333333333,
Observatori Fabra,2022-04-27,NO2,xc2xb5gm3,41.41843,2.1238973,17.5833333333333333,
Observatori Fabra,2022-04-28,NO2,xc2xb5gm3,41.41843,2.1238973,4.5000000000000000,
Palau Reial,2022-01-01,NO2,xc2xb5gm3,41.38749,2.1151996,28.1250000000000000,
Palau Reial,2022-01-02,NO2,xc2xb5gm3,41.38749,2.1151996,24.1250000000000000,
Palau Reial,2022-01-03,NO2,xc2xb5gm3,41.38749,2.1151996,39.0000000000000000,
Palau Reial,2022-01-04,NO2,xc2xb5gm3,41.38749,2.1151996,51.8333333333333333,
Palau Reial,2022-01-05,NO2,xc2xb5gm3,41.38749,2.1151996,23.1428571428571429,
Palau Reial,2022-01-06,NO2,xc2xb5gm3,41.38749,2.1151996,6.7916666666666667,
Palau Reial,2022-01-07,NO2,xc2xb5gm3,41.38749,2.1151996,24.4583333333333333,
Palau Reial,2022-01-08,NO2,xc2xb5gm3,41.38749,2.1151996,9.7916666666666667,
Palau Reial,2022-01-09,NO2,xc2xb5gm3,41.38749,2.1151996,4.2083333333333333,
Palau Reial,2022-01-10,NO2,xc2xb5gm3,41.38749,2.1151996,30.0416666666666667,
Palau Reial,2022-01-11,NO2,xc2xb5gm3,41.38749,2.1151996,39.4166666666666667,
Palau Reial,2022-01-12,NO2,xc2xb5gm3,41.38749,2.1151996,27.9166666666666667,
Palau Reial,2022-01-13,NO2,xc2xb5gm3,41.38749,2.1151996,49.4583333333333333,
Palau Reial,2022-01-14,NO2,xc2xb5gm3,41.38749,2.1151996,45.1666666666666667,
Palau Reial,2022-01-15,NO2,xc2xb5gm3,41.38749,2.1151996,15.6666666666666667,
Palau Reial,2022-01-16,NO2,xc2xb5gm3,41.38749,2.1151996,26.5416666666666667,
Palau Reial,2022-01-17,NO2,xc2xb5gm3,41.38749,2.1151996,19.5000000000000000,
Palau Reial,2022-01-18,NO2,xc2xb5gm3,41.38749,2.1151996,23.2083333333333333,
Palau Reial,2022-01-19,NO2,xc2xb5gm3,41.38749,2.1151996,39.0000000000000000,
Palau Reial,2022-01-20,NO2,xc2xb5gm3,41.38749,2.1151996,32.0952380952380952,
Palau Reial,2022-01-21,NO2,xc2xb5gm3,41.38749,2.1151996,22.0416666666666667,
Palau Reial,2022-01-22,NO2,xc2xb5gm3,41.38749,2.1151996,17.4583333333333333,
Palau Reial,2022-01-23,NO2,xc2xb5gm3,41.38749,2.1151996,30.7083333333333333,
Palau Reial,2022-01-24,NO2,xc2xb5gm3,41.38749,2.1151996,43.2500000000000000,
Palau Reial,2022-01-25,NO2,xc2xb5gm3,41.38749,2.1151996,43.6666666666666667,
Palau Reial,2022-01-26,NO2,xc2xb5gm3,41.38749,2.1151996,49.2500000000000000,
Palau Reial,2022-01-27,NO2,xc2xb5gm3,41.38749,2.1151996,45.0833333333333333,
Palau Reial,2022-01-28,NO2,xc2xb5gm3,41.38749,2.1151996,32.7916666666666667,
Palau Reial,2022-01-29,NO2,xc2xb5gm3,41.38749,2.1151996,37.0833333333333333,
Palau Reial,2022-01-30,NO2,xc2xb5gm3,41.38749,2.1151996,19.2083333333333333,
Palau Reial,2022-01-31,NO2,xc2xb5gm3,41.38749,2.1151996,25.5000000000000000,
Palau Reial,2022-02-01,NO2,xc2xb5gm3,41.38749,2.1151996,19.9583333333333333,
Palau Reial,2022-02-02,NO2,xc2xb5gm3,41.38749,2.1151996,32.1250000000000000,
Palau Reial,2022-02-03,NO2,xc2xb5gm3,41.38749,2.1151996,51.0833333333333333,
Palau Reial,2022-02-04,NO2,xc2xb5gm3,41.38749,2.1151996,35.1363636363636364,
Palau Reial,2022-02-05,NO2,xc2xb5gm3,41.38749,2.1151996,26.5000000000000000,
Palau Reial,2022-02-06,NO2,xc2xb5gm3,41.38749,2.1151996,12.0000000000000000,
Palau Reial,2022-02-07,NO2,xc2xb5gm3,41.38749,2.1151996,26.4166666666666667,
Palau Reial,2022-02-08,NO2,xc2xb5gm3,41.38749,2.1151996,32.3333333333333333,
Palau Reial,2022-02-09,NO2,xc2xb5gm3,41.38749,2.1151996,24.5000000000000000,
Palau Reial,2022-02-10,NO2,xc2xb5gm3,41.38749,2.1151996,31.8750000000000000,
Palau Reial,2022-02-11,NO2,xc2xb5gm3,41.38749,2.1151996,48.9583333333333333,
Palau Reial,2022-02-12,NO2,xc2xb5gm3,41.38749,2.1151996,19.8333333333333333,
Palau Reial,2022-02-13,NO2,xc2xb5gm3,41.38749,2.1151996,15.9583333333333333,
Palau Reial,2022-02-14,NO2,xc2xb5gm3,41.38749,2.1151996,18.6250000000000000,
Palau Reial,2022-02-15,NO2,xc2xb5gm3,41.38749,2.1151996,16.9166666666666667,
Palau Reial,2022-02-16,NO2,xc2xb5gm3,41.38749,2.1151996,29.3750000000000000,
Palau Reial,2022-02-17,NO2,xc2xb5gm3,41.38749,2.1151996,34.8571428571428571,
Palau Reial,2022-02-18,NO2,xc2xb5gm3,41.38749,2.1151996,35.8750000000000000,
Palau Reial,2022-02-19,NO2,xc2xb5gm3,41.38749,2.1151996,13.3750000000000000,
Palau Reial,2022-02-20,NO2,xc2xb5gm3,41.38749,2.1151996,11.3750000000000000,
Palau Reial,2022-02-21,NO2,xc2xb5gm3,41.38749,2.1151996,20.0833333333333333,
Palau Reial,2022-02-22,NO2,xc2xb5gm3,41.38749,2.1151996,21.5416666666666667,
Palau Reial,2022-02-23,NO2,xc2xb5gm3,41.38749,2.1151996,30.1250000000000000,
Palau Reial,2022-02-24,NO2,xc2xb5gm3,41.38749,2.1151996,27.3750000000000000,
Palau Reial,2022-02-25,NO2,xc2xb5gm3,41.38749,2.1151996,25.2916666666666667,
Palau Reial,2022-02-26,NO2,xc2xb5gm3,41.38749,2.1151996,16.9583333333333333,
Palau Reial,2022-02-27,NO2,xc2xb5gm3,41.38749,2.1151996,20.0833333333333333,
Palau Reial,2022-02-28,NO2,xc2xb5gm3,41.38749,2.1151996,21.5000000000000000,
Palau Reial,2022-03-01,NO2,xc2xb5gm3,41.38749,2.1151996,19.2083333333333333,
Palau Reial,2022-03-02,NO2,xc2xb5gm3,41.38749,2.1151996,36.5000000000000000,
Palau Reial,2022-03-03,NO2,xc2xb5gm3,41.38749,2.1151996,20.2272727272727273,
Palau Reial,2022-03-04,NO2,xc2xb5gm3,41.38749,2.1151996,29.0454545454545455,
Palau Reial,2022-03-05,NO2,xc2xb5gm3,41.38749,2.1151996,10.1666666666666667,
Palau Reial,2022-03-06,NO2,xc2xb5gm3,41.38749,2.1151996,13.2500000000000000,
Palau Reial,2022-03-07,NO2,xc2xb5gm3,41.38749,2.1151996,19.7500000000000000,
Palau Reial,2022-03-08,NO2,xc2xb5gm3,41.38749,2.1151996,33.8333333333333333,
Palau Reial,2022-03-09,NO2,xc2xb5gm3,41.38749,2.1151996,26.4166666666666667,
Palau Reial,2022-03-10,NO2,xc2xb5gm3,41.38749,2.1151996,26.0833333333333333,
Palau Reial,2022-03-11,NO2,xc2xb5gm3,41.38749,2.1151996,28.7083333333333333,
Palau Reial,2022-03-12,NO2,xc2xb5gm3,41.38749,2.1151996,15.1250000000000000,
Palau Reial,2022-03-13,NO2,xc2xb5gm3,41.38749,2.1151996,18.7500000000000000,
Palau Reial,2022-03-14,NO2,xc2xb5gm3,41.38749,2.1151996,10.4583333333333333,
Palau Reial,2022-03-15,NO2,xc2xb5gm3,41.38749,2.1151996,8.9166666666666667,
Palau Reial,2022-03-16,NO2,xc2xb5gm3,41.38749,2.1151996,11.0476190476190476,
Palau Reial,2022-03-17,NO2,xc2xb5gm3,41.38749,2.1151996,11.8333333333333333,
Palau Reial,2022-03-18,NO2,xc2xb5gm3,41.38749,2.1151996,10.3809523809523810,
Palau Reial,2022-03-19,NO2,xc2xb5gm3,41.38749,2.1151996,10.5000000000000000,
Palau Reial,2022-03-20,NO2,xc2xb5gm3,41.38749,2.1151996,11.1666666666666667,
Palau Reial,2022-03-21,NO2,xc2xb5gm3,41.38749,2.1151996,10.0833333333333333,
Palau Reial,2022-03-22,NO2,xc2xb5gm3,41.38749,2.1151996,13.0833333333333333,
Palau Reial,2022-03-23,NO2,xc2xb5gm3,41.38749,2.1151996,14.2083333333333333,
Palau Reial,2022-03-24,NO2,xc2xb5gm3,41.38749,2.1151996,20.0833333333333333,
Palau Reial,2022-03-25,NO2,xc2xb5gm3,41.38749,2.1151996,17.2083333333333333,
Palau Reial,2022-03-26,NO2,xc2xb5gm3,41.38749,2.1151996,12.1666666666666667,
Palau Reial,2022-03-27,NO2,xc2xb5gm3,41.38749,2.1151996,13.0434782608695652,
Palau Reial,2022-03-28,NO2,xc2xb5gm3,41.38749,2.1151996,45.9583333333333333,
Palau Reial,2022-03-29,NO2,xc2xb5gm3,41.38749,2.1151996,26.7500000000000000,
Palau Reial,2022-03-30,NO2,xc2xb5gm3,41.38749,2.1151996,23.1250000000000000,
Palau Reial,2022-03-31,NO2,xc2xb5gm3,41.38749,2.1151996,19.9166666666666667,
Palau Reial,2022-04-01,NO2,xc2xb5gm3,41.38749,2.1151996,7.9583333333333333,
Palau Reial,2022-04-02,NO2,xc2xb5gm3,41.38749,2.1151996,5.6666666666666667,
Palau Reial,2022-04-03,NO2,xc2xb5gm3,41.38749,2.1151996,10.4166666666666667,
Palau Reial,2022-04-04,NO2,xc2xb5gm3,41.38749,2.1151996,18.1666666666666667,
Palau Reial,2022-04-05,NO2,xc2xb5gm3,41.38749,2.1151996,22.9583333333333333,
Palau Reial,2022-04-06,NO2,xc2xb5gm3,41.38749,2.1151996,31.7500000000000000,
Palau Reial,2022-04-07,NO2,xc2xb5gm3,41.38749,2.1151996,25.4583333333333333,
Palau Reial,2022-04-08,NO2,xc2xb5gm3,41.38749,2.1151996,16.1250000000000000,
Palau Reial,2022-04-09,NO2,xc2xb5gm3,41.38749,2.1151996,7.7916666666666667,
Palau Reial,2022-04-10,NO2,xc2xb5gm3,41.38749,2.1151996,8.4583333333333333,
Palau Reial,2022-04-11,NO2,xc2xb5gm3,41.38749,2.1151996,16.9583333333333333,
Palau Reial,2022-04-12,NO2,xc2xb5gm3,41.38749,2.1151996,9.0000000000000000,
Palau Reial,2022-04-13,NO2,xc2xb5gm3,41.38749,2.1151996,12.7916666666666667,
Palau Reial,2022-04-14,NO2,xc2xb5gm3,41.38749,2.1151996,18.0833333333333333,
Palau Reial,2022-04-15,NO2,xc2xb5gm3,41.38749,2.1151996,26.9166666666666667,
Palau Reial,2022-04-16,NO2,xc2xb5gm3,41.38749,2.1151996,17.8333333333333333,
Palau Reial,2022-04-17,NO2,xc2xb5gm3,41.38749,2.1151996,24.5416666666666667,
Palau Reial,2022-04-18,NO2,xc2xb5gm3,41.38749,2.1151996,20.8750000000000000,
Palau Reial,2022-04-19,NO2,xc2xb5gm3,41.38749,2.1151996,29.9166666666666667,
Palau Reial,2022-04-20,NO2,xc2xb5gm3,41.38749,2.1151996,12.8333333333333333,
Palau Reial,2022-04-21,NO2,xc2xb5gm3,41.38749,2.1151996,15.8000000000000000,
Palau Reial,2022-04-22,NO2,xc2xb5gm3,41.38749,2.1151996,14.9583333333333333,
Palau Reial,2022-04-23,NO2,xc2xb5gm3,41.38749,2.1151996,13.7916666666666667,
Palau Reial,2022-04-24,NO2,xc2xb5gm3,41.38749,2.1151996,7.9583333333333333,
Palau Reial,2022-04-25,NO2,xc2xb5gm3,41.38749,2.1151996,24.0416666666666667,
Palau Reial,2022-04-26,NO2,xc2xb5gm3,41.38749,2.1151996,32.5833333333333333,
Palau Reial,2022-04-27,NO2,xc2xb5gm3,41.38749,2.1151996,42.4166666666666667,
Palau Reial,2022-04-28,NO2,xc2xb5gm3,41.38749,2.1151996,18.5000000000000000,
Parc Vall Hebron,2022-01-01,NO2,xc2xb5gm3,41.42611,2.1480017,34.2500000000000000,
Parc Vall Hebron,2022-01-02,NO2,xc2xb5gm3,41.42611,2.1480017,27.5833333333333333,
Parc Vall Hebron,2022-01-03,NO2,xc2xb5gm3,41.42611,2.1480017,43.8095238095238095,
Parc Vall Hebron,2022-01-04,NO2,xc2xb5gm3,41.42611,2.1480017,31.6250000000000000,
Parc Vall Hebron,2022-01-05,NO2,xc2xb5gm3,41.42611,2.1480017,27.4583333333333333,
Parc Vall Hebron,2022-01-06,NO2,xc2xb5gm3,41.42611,2.1480017,16.5000000000000000,
Parc Vall Hebron,2022-01-07,NO2,xc2xb5gm3,41.42611,2.1480017,31.5000000000000000,
Parc Vall Hebron,2022-01-08,NO2,xc2xb5gm3,41.42611,2.1480017,10.2500000000000000,
Parc Vall Hebron,2022-01-09,NO2,xc2xb5gm3,41.42611,2.1480017,10.2916666666666667,
Parc Vall Hebron,2022-01-10,NO2,xc2xb5gm3,41.42611,2.1480017,34.8333333333333333,
Parc Vall Hebron,2022-01-11,NO2,xc2xb5gm3,41.42611,2.1480017,42.3750000000000000,
Parc Vall Hebron,2022-01-12,NO2,xc2xb5gm3,41.42611,2.1480017,34.2083333333333333,
Parc Vall Hebron,2022-01-13,NO2,xc2xb5gm3,41.42611,2.1480017,46.0000000000000000,
Parc Vall Hebron,2022-01-14,NO2,xc2xb5gm3,41.42611,2.1480017,43.3333333333333333,
Parc Vall Hebron,2022-01-15,NO2,xc2xb5gm3,41.42611,2.1480017,21.7083333333333333,
Parc Vall Hebron,2022-01-16,NO2,xc2xb5gm3,41.42611,2.1480017,27.6250000000000000,
Parc Vall Hebron,2022-01-17,NO2,xc2xb5gm3,41.42611,2.1480017,24.0000000000000000,
Parc Vall Hebron,2022-01-18,NO2,xc2xb5gm3,41.42611,2.1480017,26.3750000000000000,
Parc Vall Hebron,2022-01-19,NO2,xc2xb5gm3,41.42611,2.1480017,39.1666666666666667,
Parc Vall Hebron,2022-01-20,NO2,xc2xb5gm3,41.42611,2.1480017,37.0833333333333333,
Parc Vall Hebron,2022-01-21,NO2,xc2xb5gm3,41.42611,2.1480017,21.9166666666666667,
Parc Vall Hebron,2022-01-22,NO2,xc2xb5gm3,41.42611,2.1480017,25.5833333333333333,
Parc Vall Hebron,2022-01-23,NO2,xc2xb5gm3,41.42611,2.1480017,36.4166666666666667,
Parc Vall Hebron,2022-01-24,NO2,xc2xb5gm3,41.42611,2.1480017,42.1250000000000000,
Parc Vall Hebron,2022-01-25,NO2,xc2xb5gm3,41.42611,2.1480017,56.3333333333333333,
Parc Vall Hebron,2022-01-26,NO2,xc2xb5gm3,41.42611,2.1480017,50.1250000000000000,
Parc Vall Hebron,2022-01-27,NO2,xc2xb5gm3,41.42611,2.1480017,46.6666666666666667,
Parc Vall Hebron,2022-01-28,NO2,xc2xb5gm3,41.42611,2.1480017,25.6666666666666667,
Parc Vall Hebron,2022-01-29,NO2,xc2xb5gm3,41.42611,2.1480017,29.6666666666666667,
Parc Vall Hebron,2022-01-30,NO2,xc2xb5gm3,41.42611,2.1480017,19.0416666666666667,
Parc Vall Hebron,2022-01-31,NO2,xc2xb5gm3,41.42611,2.1480017,27.7500000000000000,
Parc Vall Hebron,2022-02-01,NO2,xc2xb5gm3,41.42611,2.1480017,27.7272727272727273,
Parc Vall Hebron,2022-02-02,NO2,xc2xb5gm3,41.42611,2.1480017,31.5000000000000000,
Parc Vall Hebron,2022-02-03,NO2,xc2xb5gm3,41.42611,2.1480017,53.9166666666666667,
Parc Vall Hebron,2022-02-04,NO2,xc2xb5gm3,41.42611,2.1480017,36.8750000000000000,
Parc Vall Hebron,2022-02-05,NO2,xc2xb5gm3,41.42611,2.1480017,31.7916666666666667,
Parc Vall Hebron,2022-02-06,NO2,xc2xb5gm3,41.42611,2.1480017,13.4583333333333333,
Parc Vall Hebron,2022-02-07,NO2,xc2xb5gm3,41.42611,2.1480017,29.0416666666666667,
Parc Vall Hebron,2022-02-08,NO2,xc2xb5gm3,41.42611,2.1480017,32.5416666666666667,
Parc Vall Hebron,2022-02-09,NO2,xc2xb5gm3,41.42611,2.1480017,35.4583333333333333,
Parc Vall Hebron,2022-02-10,NO2,xc2xb5gm3,41.42611,2.1480017,40.9166666666666667,
Parc Vall Hebron,2022-02-11,NO2,xc2xb5gm3,41.42611,2.1480017,54.0000000000000000,
Parc Vall Hebron,2022-02-12,NO2,xc2xb5gm3,41.42611,2.1480017,26.6666666666666667,
Parc Vall Hebron,2022-02-13,NO2,xc2xb5gm3,41.42611,2.1480017,16.8750000000000000,
Parc Vall Hebron,2022-02-14,NO2,xc2xb5gm3,41.42611,2.1480017,15.9583333333333333,
Parc Vall Hebron,2022-02-15,NO2,xc2xb5gm3,41.42611,2.1480017,19.3913043478260870,
Parc Vall Hebron,2022-02-16,NO2,xc2xb5gm3,41.42611,2.1480017,32.4166666666666667,
Parc Vall Hebron,2022-02-17,NO2,xc2xb5gm3,41.42611,2.1480017,34.7916666666666667,
Parc Vall Hebron,2022-02-18,NO2,xc2xb5gm3,41.42611,2.1480017,43.4166666666666667,
Parc Vall Hebron,2022-02-19,NO2,xc2xb5gm3,41.42611,2.1480017,18.6666666666666667,
Parc Vall Hebron,2022-02-20,NO2,xc2xb5gm3,41.42611,2.1480017,11.1250000000000000,
Parc Vall Hebron,2022-02-21,NO2,xc2xb5gm3,41.42611,2.1480017,18.9166666666666667,
Parc Vall Hebron,2022-02-22,NO2,xc2xb5gm3,41.42611,2.1480017,25.7916666666666667,
Parc Vall Hebron,2022-02-23,NO2,xc2xb5gm3,41.42611,2.1480017,32.0833333333333333,
Parc Vall Hebron,2022-02-24,NO2,xc2xb5gm3,41.42611,2.1480017,36.0000000000000000,
Parc Vall Hebron,2022-02-25,NO2,xc2xb5gm3,41.42611,2.1480017,26.8750000000000000,
Parc Vall Hebron,2022-02-26,NO2,xc2xb5gm3,41.42611,2.1480017,15.8333333333333333,
Parc Vall Hebron,2022-02-27,NO2,xc2xb5gm3,41.42611,2.1480017,30.7500000000000000,
Parc Vall Hebron,2022-02-28,NO2,xc2xb5gm3,41.42611,2.1480017,23.3333333333333333,
Parc Vall Hebron,2022-03-01,NO2,xc2xb5gm3,41.42611,2.1480017,25.5909090909090909,
Parc Vall Hebron,2022-03-02,NO2,xc2xb5gm3,41.42611,2.1480017,38.9166666666666667,
Parc Vall Hebron,2022-03-03,NO2,xc2xb5gm3,41.42611,2.1480017,21.7500000000000000,
Parc Vall Hebron,2022-03-04,NO2,xc2xb5gm3,41.42611,2.1480017,30.7500000000000000,
Parc Vall Hebron,2022-03-05,NO2,xc2xb5gm3,41.42611,2.1480017,13.5416666666666667,
Parc Vall Hebron,2022-03-06,NO2,xc2xb5gm3,41.42611,2.1480017,18.7083333333333333,
Parc Vall Hebron,2022-03-07,NO2,xc2xb5gm3,41.42611,2.1480017,24.5416666666666667,
Parc Vall Hebron,2022-03-08,NO2,xc2xb5gm3,41.42611,2.1480017,38.9583333333333333,
Parc Vall Hebron,2022-03-09,NO2,xc2xb5gm3,41.42611,2.1480017,33.4166666666666667,
Parc Vall Hebron,2022-03-10,NO2,xc2xb5gm3,41.42611,2.1480017,31.0833333333333333,
Parc Vall Hebron,2022-03-11,NO2,xc2xb5gm3,41.42611,2.1480017,35.4166666666666667,
Parc Vall Hebron,2022-03-12,NO2,xc2xb5gm3,41.42611,2.1480017,18.8333333333333333,
Parc Vall Hebron,2022-03-13,NO2,xc2xb5gm3,41.42611,2.1480017,20.4583333333333333,
Parc Vall Hebron,2022-03-14,NO2,xc2xb5gm3,41.42611,2.1480017,13.0000000000000000,
Parc Vall Hebron,2022-03-15,NO2,xc2xb5gm3,41.42611,2.1480017,10.9166666666666667,
Parc Vall Hebron,2022-03-16,NO2,xc2xb5gm3,41.42611,2.1480017,10.4285714285714286,
Parc Vall Hebron,2022-03-17,NO2,xc2xb5gm3,41.42611,2.1480017,13.6250000000000000,
Parc Vall Hebron,2022-03-18,NO2,xc2xb5gm3,41.42611,2.1480017,11.6250000000000000,
Parc Vall Hebron,2022-03-19,NO2,xc2xb5gm3,41.42611,2.1480017,14.0833333333333333,
Parc Vall Hebron,2022-03-20,NO2,xc2xb5gm3,41.42611,2.1480017,15.9166666666666667,
Parc Vall Hebron,2022-03-21,NO2,xc2xb5gm3,41.42611,2.1480017,9.9583333333333333,
Parc Vall Hebron,2022-03-22,NO2,xc2xb5gm3,41.42611,2.1480017,17.0833333333333333,
Parc Vall Hebron,2022-03-23,NO2,xc2xb5gm3,41.42611,2.1480017,16.0833333333333333,
Parc Vall Hebron,2022-03-24,NO2,xc2xb5gm3,41.42611,2.1480017,26.7916666666666667,
Parc Vall Hebron,2022-03-25,NO2,xc2xb5gm3,41.42611,2.1480017,23.3333333333333333,
Parc Vall Hebron,2022-03-26,NO2,xc2xb5gm3,41.42611,2.1480017,13.8750000000000000,
Parc Vall Hebron,2022-03-27,NO2,xc2xb5gm3,41.42611,2.1480017,15.2608695652173913,
Parc Vall Hebron,2022-03-28,NO2,xc2xb5gm3,41.42611,2.1480017,40.5416666666666667,
Parc Vall Hebron,2022-03-29,NO2,xc2xb5gm3,41.42611,2.1480017,29.5000000000000000,
Parc Vall Hebron,2022-03-30,NO2,xc2xb5gm3,41.42611,2.1480017,21.2083333333333333,
Parc Vall Hebron,2022-03-31,NO2,xc2xb5gm3,41.42611,2.1480017,20.5416666666666667,
Parc Vall Hebron,2022-04-01,NO2,xc2xb5gm3,41.42611,2.1480017,14.7000000000000000,
Parc Vall Hebron,2022-04-02,NO2,xc2xb5gm3,41.42611,2.1480017,7.5416666666666667,
Parc Vall Hebron,2022-04-03,NO2,xc2xb5gm3,41.42611,2.1480017,14.1666666666666667,
Parc Vall Hebron,2022-04-04,NO2,xc2xb5gm3,41.42611,2.1480017,17.5000000000000000,
Parc Vall Hebron,2022-04-05,NO2,xc2xb5gm3,41.42611,2.1480017,21.9583333333333333,
Parc Vall Hebron,2022-04-06,NO2,xc2xb5gm3,41.42611,2.1480017,29.2500000000000000,
Parc Vall Hebron,2022-04-07,NO2,xc2xb5gm3,41.42611,2.1480017,26.6250000000000000,
Parc Vall Hebron,2022-04-08,NO2,xc2xb5gm3,41.42611,2.1480017,19.9166666666666667,
Parc Vall Hebron,2022-04-09,NO2,xc2xb5gm3,41.42611,2.1480017,5.5833333333333333,
Parc Vall Hebron,2022-04-10,NO2,xc2xb5gm3,41.42611,2.1480017,12.2916666666666667,
Parc Vall Hebron,2022-04-11,NO2,xc2xb5gm3,41.42611,2.1480017,22.8333333333333333,
Parc Vall Hebron,2022-04-12,NO2,xc2xb5gm3,41.42611,2.1480017,10.0833333333333333,
Parc Vall Hebron,2022-04-13,NO2,xc2xb5gm3,41.42611,2.1480017,15.1666666666666667,
Parc Vall Hebron,2022-04-14,NO2,xc2xb5gm3,41.42611,2.1480017,15.1666666666666667,
Parc Vall Hebron,2022-04-15,NO2,xc2xb5gm3,41.42611,2.1480017,26.0000000000000000,
Parc Vall Hebron,2022-04-16,NO2,xc2xb5gm3,41.42611,2.1480017,15.8750000000000000,
Parc Vall Hebron,2022-04-17,NO2,xc2xb5gm3,41.42611,2.1480017,18.6250000000000000,
Parc Vall Hebron,2022-04-18,NO2,xc2xb5gm3,41.42611,2.1480017,25.2500000000000000,
Parc Vall Hebron,2022-04-19,NO2,xc2xb5gm3,41.42611,2.1480017,32.0833333333333333,
Parc Vall Hebron,2022-04-20,NO2,xc2xb5gm3,41.42611,2.1480017,18.5714285714285714,
Parc Vall Hebron,2022-04-21,NO2,xc2xb5gm3,41.42611,2.1480017,16.4583333333333333,
Parc Vall Hebron,2022-04-22,NO2,xc2xb5gm3,41.42611,2.1480017,13.7083333333333333,
Parc Vall Hebron,2022-04-23,NO2,xc2xb5gm3,41.42611,2.1480017,11.9166666666666667,
Parc Vall Hebron,2022-04-24,NO2,xc2xb5gm3,41.42611,2.1480017,9.5416666666666667,
Parc Vall Hebron,2022-04-25,NO2,xc2xb5gm3,41.42611,2.1480017,19.9583333333333333,
Parc Vall Hebron,2022-04-26,NO2,xc2xb5gm3,41.42611,2.1480017,40.2916666666666667,
Parc Vall Hebron,2022-04-27,NO2,xc2xb5gm3,41.42611,2.1480017,42.2916666666666667,
Parc Vall Hebron,2022-04-28,NO2,xc2xb5gm3,41.42611,2.1480017,42.2500000000000000,
Poblenou,2022-01-01,NO2,xc2xb5gm3,41.40388,2.204501,28.8333333333333333,
Poblenou,2022-01-02,NO2,xc2xb5gm3,41.40388,2.204501,24.2500000000000000,
Poblenou,2022-01-03,NO2,xc2xb5gm3,41.40388,2.204501,38.6818181818181818,
Poblenou,2022-01-04,NO2,xc2xb5gm3,41.40388,2.204501,50.6666666666666667,
Poblenou,2022-01-05,NO2,xc2xb5gm3,41.40388,2.204501,30.2083333333333333,
Poblenou,2022-01-06,NO2,xc2xb5gm3,41.40388,2.204501,14.0833333333333333,
Poblenou,2022-01-07,NO2,xc2xb5gm3,41.40388,2.204501,40.8333333333333333,
Poblenou,2022-01-08,NO2,xc2xb5gm3,41.40388,2.204501,24.6250000000000000,
Poblenou,2022-01-09,NO2,xc2xb5gm3,41.40388,2.204501,11.7083333333333333,
Poblenou,2022-01-10,NO2,xc2xb5gm3,41.40388,2.204501,38.8750000000000000,
Poblenou,2022-01-11,NO2,xc2xb5gm3,41.40388,2.204501,48.0000000000000000,
Poblenou,2022-01-12,NO2,xc2xb5gm3,41.40388,2.204501,29.2500000000000000,
Poblenou,2022-01-13,NO2,xc2xb5gm3,41.40388,2.204501,46.2083333333333333,
Poblenou,2022-01-14,NO2,xc2xb5gm3,41.40388,2.204501,53.1666666666666667,
Poblenou,2022-01-15,NO2,xc2xb5gm3,41.40388,2.204501,44.5833333333333333,
Poblenou,2022-01-16,NO2,xc2xb5gm3,41.40388,2.204501,37.7500000000000000,
Poblenou,2022-01-17,NO2,xc2xb5gm3,41.40388,2.204501,44.2173913043478261,
Poblenou,2022-01-18,NO2,xc2xb5gm3,41.40388,2.204501,38.2083333333333333,
Poblenou,2022-01-19,NO2,xc2xb5gm3,41.40388,2.204501,48.5833333333333333,
Poblenou,2022-01-20,NO2,xc2xb5gm3,41.40388,2.204501,48.9166666666666667,
Poblenou,2022-01-21,NO2,xc2xb5gm3,41.40388,2.204501,33.9166666666666667,
Poblenou,2022-01-22,NO2,xc2xb5gm3,41.40388,2.204501,32.5833333333333333,
Poblenou,2022-01-23,NO2,xc2xb5gm3,41.40388,2.204501,37.2083333333333333,
Poblenou,2022-01-24,NO2,xc2xb5gm3,41.40388,2.204501,51.3750000000000000,
Poblenou,2022-01-25,NO2,xc2xb5gm3,41.40388,2.204501,55.0000000000000000,
Poblenou,2022-01-26,NO2,xc2xb5gm3,41.40388,2.204501,59.6250000000000000,
Poblenou,2022-01-27,NO2,xc2xb5gm3,41.40388,2.204501,50.7500000000000000,
Poblenou,2022-01-28,NO2,xc2xb5gm3,41.40388,2.204501,56.0909090909090909,
Poblenou,2022-01-29,NO2,xc2xb5gm3,41.40388,2.204501,47.7083333333333333,
Poblenou,2022-01-30,NO2,xc2xb5gm3,41.40388,2.204501,42.4583333333333333,
Poblenou,2022-01-31,NO2,xc2xb5gm3,41.40388,2.204501,41.8750000000000000,
Poblenou,2022-02-01,NO2,xc2xb5gm3,41.40388,2.204501,44.4166666666666667,
Poblenou,2022-02-02,NO2,xc2xb5gm3,41.40388,2.204501,31.0833333333333333,
Poblenou,2022-02-03,NO2,xc2xb5gm3,41.40388,2.204501,47.9166666666666667,
Poblenou,2022-02-04,NO2,xc2xb5gm3,41.40388,2.204501,43.4583333333333333,
Poblenou,2022-02-05,NO2,xc2xb5gm3,41.40388,2.204501,36.4545454545454545,
Poblenou,2022-02-06,NO2,xc2xb5gm3,41.40388,2.204501,21.4583333333333333,
Poblenou,2022-02-07,NO2,xc2xb5gm3,41.40388,2.204501,38.5833333333333333,
Poblenou,2022-02-08,NO2,xc2xb5gm3,41.40388,2.204501,42.1666666666666667,
Poblenou,2022-02-09,NO2,xc2xb5gm3,41.40388,2.204501,41.3333333333333333,
Poblenou,2022-02-10,NO2,xc2xb5gm3,41.40388,2.204501,48.6250000000000000,
Poblenou,2022-02-11,NO2,xc2xb5gm3,41.40388,2.204501,54.9166666666666667,
Poblenou,2022-02-12,NO2,xc2xb5gm3,41.40388,2.204501,27.8333333333333333,
Poblenou,2022-02-13,NO2,xc2xb5gm3,41.40388,2.204501,26.6666666666666667,
Poblenou,2022-02-14,NO2,xc2xb5gm3,41.40388,2.204501,22.0000000000000000,
Poblenou,2022-02-15,NO2,xc2xb5gm3,41.40388,2.204501,25.2857142857142857,
Poblenou,2022-02-16,NO2,xc2xb5gm3,41.40388,2.204501,44.6086956521739130,
Poblenou,2022-02-17,NO2,xc2xb5gm3,41.40388,2.204501,39.7500000000000000,
Poblenou,2022-02-18,NO2,xc2xb5gm3,41.40388,2.204501,34.4583333333333333,
Poblenou,2022-02-19,NO2,xc2xb5gm3,41.40388,2.204501,23.3333333333333333,
Poblenou,2022-02-20,NO2,xc2xb5gm3,41.40388,2.204501,17.5416666666666667,
Poblenou,2022-02-21,NO2,xc2xb5gm3,41.40388,2.204501,31.7083333333333333,
Poblenou,2022-02-22,NO2,xc2xb5gm3,41.40388,2.204501,31.2500000000000000,
Poblenou,2022-02-23,NO2,xc2xb5gm3,41.40388,2.204501,38.1666666666666667,
Poblenou,2022-02-24,NO2,xc2xb5gm3,41.40388,2.204501,39.3333333333333333,
Poblenou,2022-02-25,NO2,xc2xb5gm3,41.40388,2.204501,33.6250000000000000,
Poblenou,2022-02-26,NO2,xc2xb5gm3,41.40388,2.204501,16.3750000000000000,
Poblenou,2022-02-27,NO2,xc2xb5gm3,41.40388,2.204501,29.8750000000000000,
Poblenou,2022-02-28,NO2,xc2xb5gm3,41.40388,2.204501,32.0000000000000000,
Poblenou,2022-03-01,NO2,xc2xb5gm3,41.40388,2.204501,30.5454545454545455,
Poblenou,2022-03-02,NO2,xc2xb5gm3,41.40388,2.204501,47.5000000000000000,
Poblenou,2022-03-03,NO2,xc2xb5gm3,41.40388,2.204501,30.2083333333333333,
Poblenou,2022-03-04,NO2,xc2xb5gm3,41.40388,2.204501,44.2083333333333333,
Poblenou,2022-03-05,NO2,xc2xb5gm3,41.40388,2.204501,19.1666666666666667,
Poblenou,2022-03-06,NO2,xc2xb5gm3,41.40388,2.204501,16.9166666666666667,
Poblenou,2022-03-07,NO2,xc2xb5gm3,41.40388,2.204501,21.9166666666666667,
Poblenou,2022-03-08,NO2,xc2xb5gm3,41.40388,2.204501,45.5416666666666667,
Poblenou,2022-03-09,NO2,xc2xb5gm3,41.40388,2.204501,36.2916666666666667,
Poblenou,2022-03-10,NO2,xc2xb5gm3,41.40388,2.204501,36.7083333333333333,
Poblenou,2022-03-11,NO2,xc2xb5gm3,41.40388,2.204501,31.7916666666666667,
Poblenou,2022-03-12,NO2,xc2xb5gm3,41.40388,2.204501,22.4583333333333333,
Poblenou,2022-03-13,NO2,xc2xb5gm3,41.40388,2.204501,24.2916666666666667,
Poblenou,2022-03-14,NO2,xc2xb5gm3,41.40388,2.204501,9.0869565217391304,
Poblenou,2022-03-15,NO2,xc2xb5gm3,41.40388,2.204501,8.8333333333333333,
Poblenou,2022-03-16,NO2,xc2xb5gm3,41.40388,2.204501,9.5833333333333333,
Poblenou,2022-03-17,NO2,xc2xb5gm3,41.40388,2.204501,10.4583333333333333,
Poblenou,2022-03-18,NO2,xc2xb5gm3,41.40388,2.204501,12.9583333333333333,
Poblenou,2022-03-19,NO2,xc2xb5gm3,41.40388,2.204501,15.5000000000000000,
Poblenou,2022-03-20,NO2,xc2xb5gm3,41.40388,2.204501,13.6250000000000000,
Poblenou,2022-03-21,NO2,xc2xb5gm3,41.40388,2.204501,7.5416666666666667,
Poblenou,2022-03-22,NO2,xc2xb5gm3,41.40388,2.204501,10.6250000000000000,
Poblenou,2022-03-23,NO2,xc2xb5gm3,41.40388,2.204501,20.7916666666666667,
Poblenou,2022-03-24,NO2,xc2xb5gm3,41.40388,2.204501,25.8333333333333333,
Poblenou,2022-03-25,NO2,xc2xb5gm3,41.40388,2.204501,18.5833333333333333,
Poblenou,2022-03-26,NO2,xc2xb5gm3,41.40388,2.204501,11.9583333333333333,
Poblenou,2022-03-27,NO2,xc2xb5gm3,41.40388,2.204501,14.3913043478260870,
Poblenou,2022-03-28,NO2,xc2xb5gm3,41.40388,2.204501,36.0833333333333333,
Poblenou,2022-03-29,NO2,xc2xb5gm3,41.40388,2.204501,32.6250000000000000,
Poblenou,2022-03-30,NO2,xc2xb5gm3,41.40388,2.204501,25.0000000000000000,
Poblenou,2022-03-31,NO2,xc2xb5gm3,41.40388,2.204501,21.3333333333333333,
Poblenou,2022-04-01,NO2,xc2xb5gm3,41.40388,2.204501,17.7500000000000000,
Poblenou,2022-04-02,NO2,xc2xb5gm3,41.40388,2.204501,10.1666666666666667,
Poblenou,2022-04-03,NO2,xc2xb5gm3,41.40388,2.204501,14.5416666666666667,
Poblenou,2022-04-04,NO2,xc2xb5gm3,41.40388,2.204501,26.0000000000000000,
Poblenou,2022-04-05,NO2,xc2xb5gm3,41.40388,2.204501,32.5416666666666667,
Poblenou,2022-04-06,NO2,xc2xb5gm3,41.40388,2.204501,50.0416666666666667,
Poblenou,2022-04-07,NO2,xc2xb5gm3,41.40388,2.204501,50.7916666666666667,
Poblenou,2022-04-08,NO2,xc2xb5gm3,41.40388,2.204501,39.5416666666666667,
Poblenou,2022-04-09,NO2,xc2xb5gm3,41.40388,2.204501,8.4583333333333333,
Poblenou,2022-04-10,NO2,xc2xb5gm3,41.40388,2.204501,17.3750000000000000,
Poblenou,2022-04-11,NO2,xc2xb5gm3,41.40388,2.204501,20.0000000000000000,
Poblenou,2022-04-12,NO2,xc2xb5gm3,41.40388,2.204501,7.7500000000000000,
Poblenou,2022-04-13,NO2,xc2xb5gm3,41.40388,2.204501,9.5833333333333333,
Poblenou,2022-04-14,NO2,xc2xb5gm3,41.40388,2.204501,23.8333333333333333,
Poblenou,2022-04-15,NO2,xc2xb5gm3,41.40388,2.204501,40.8333333333333333,
Poblenou,2022-04-16,NO2,xc2xb5gm3,41.40388,2.204501,40.0000000000000000,
Poblenou,2022-04-17,NO2,xc2xb5gm3,41.40388,2.204501,17.5833333333333333,
Poblenou,2022-04-18,NO2,xc2xb5gm3,41.40388,2.204501,18.4166666666666667,
Poblenou,2022-04-19,NO2,xc2xb5gm3,41.40388,2.204501,30.0000000000000000,
Poblenou,2022-04-20,NO2,xc2xb5gm3,41.40388,2.204501,14.6190476190476190,
Poblenou,2022-04-21,NO2,xc2xb5gm3,41.40388,2.204501,31.1250000000000000,
Poblenou,2022-04-22,NO2,xc2xb5gm3,41.40388,2.204501,36.9583333333333333,
Poblenou,2022-04-23,NO2,xc2xb5gm3,41.40388,2.204501,23.8260869565217391,
Poblenou,2022-04-24,NO2,xc2xb5gm3,41.40388,2.204501,11.2500000000000000,
Poblenou,2022-04-25,NO2,xc2xb5gm3,41.40388,2.204501,32.7083333333333333,
Poblenou,2022-04-26,NO2,xc2xb5gm3,41.40388,2.204501,50.8750000000000000,
Poblenou,2022-04-27,NO2,xc2xb5gm3,41.40388,2.204501,53.1250000000000000,
Poblenou,2022-04-28,NO2,xc2xb5gm3,41.40388,2.204501,61.0000000000000000,
Sants,2022-01-01,NO2,xc2xb5gm3,41.37878,2.133099,24.2500000000000000,
Sants,2022-01-02,NO2,xc2xb5gm3,41.37878,2.133099,21.7916666666666667,
Sants,2022-01-03,NO2,xc2xb5gm3,41.37878,2.133099,36.5000000000000000,
Sants,2022-01-04,NO2,xc2xb5gm3,41.37878,2.133099,49.3913043478260870,
Sants,2022-01-05,NO2,xc2xb5gm3,41.37878,2.133099,27.4166666666666667,
Sants,2022-01-06,NO2,xc2xb5gm3,41.37878,2.133099,12.2916666666666667,
Sants,2022-01-07,NO2,xc2xb5gm3,41.37878,2.133099,28.0833333333333333,
Sants,2022-01-08,NO2,xc2xb5gm3,41.37878,2.133099,15.4583333333333333,
Sants,2022-01-09,NO2,xc2xb5gm3,41.37878,2.133099,6.9583333333333333,
Sants,2022-01-10,NO2,xc2xb5gm3,41.37878,2.133099,33.2500000000000000,
Sants,2022-01-11,NO2,xc2xb5gm3,41.37878,2.133099,42.6666666666666667,
Sants,2022-01-12,NO2,xc2xb5gm3,41.37878,2.133099,29.7083333333333333,
Sants,2022-01-13,NO2,xc2xb5gm3,41.37878,2.133099,54.7500000000000000,
Sants,2022-01-14,NO2,xc2xb5gm3,41.37878,2.133099,59.7083333333333333,
Sants,2022-01-15,NO2,xc2xb5gm3,41.37878,2.133099,20.5000000000000000,
Sants,2022-01-16,NO2,xc2xb5gm3,41.37878,2.133099,29.6250000000000000,
Sants,2022-01-17,NO2,xc2xb5gm3,41.37878,2.133099,30.8181818181818182,
Sants,2022-01-18,NO2,xc2xb5gm3,41.37878,2.133099,27.9166666666666667,
Sants,2022-01-19,NO2,xc2xb5gm3,41.37878,2.133099,36.9166666666666667,
Sants,2022-01-20,NO2,xc2xb5gm3,41.37878,2.133099,33.7916666666666667,
Sants,2022-01-21,NO2,xc2xb5gm3,41.37878,2.133099,27.7500000000000000,
Sants,2022-01-22,NO2,xc2xb5gm3,41.37878,2.133099,19.1666666666666667,
Sants,2022-01-23,NO2,xc2xb5gm3,41.37878,2.133099,42.7916666666666667,
Sants,2022-01-24,NO2,xc2xb5gm3,41.37878,2.133099,51.5833333333333333,
Sants,2022-01-25,NO2,xc2xb5gm3,41.37878,2.133099,52.2916666666666667,
Sants,2022-01-26,NO2,xc2xb5gm3,41.37878,2.133099,51.3333333333333333,
Sants,2022-01-27,NO2,xc2xb5gm3,41.37878,2.133099,46.2083333333333333,
Sants,2022-01-28,NO2,xc2xb5gm3,41.37878,2.133099,36.4166666666666667,
Sants,2022-01-29,NO2,xc2xb5gm3,41.37878,2.133099,37.4583333333333333,
Sants,2022-01-30,NO2,xc2xb5gm3,41.37878,2.133099,31.5833333333333333,
Sants,2022-01-31,NO2,xc2xb5gm3,41.37878,2.133099,28.2500000000000000,
Sants,2022-02-01,NO2,xc2xb5gm3,41.37878,2.133099,30.6190476190476190,
Sants,2022-02-02,NO2,xc2xb5gm3,41.37878,2.133099,36.1666666666666667,
Sants,2022-02-03,NO2,xc2xb5gm3,41.37878,2.133099,53.6250000000000000,
Sants,2022-02-04,NO2,xc2xb5gm3,41.37878,2.133099,42.2916666666666667,
Sants,2022-02-05,NO2,xc2xb5gm3,41.37878,2.133099,31.8333333333333333,
Sants,2022-02-06,NO2,xc2xb5gm3,41.37878,2.133099,15.2083333333333333,
Sants,2022-02-07,NO2,xc2xb5gm3,41.37878,2.133099,34.4583333333333333,
Sants,2022-02-08,NO2,xc2xb5gm3,41.37878,2.133099,39.3333333333333333,
Sants,2022-02-09,NO2,xc2xb5gm3,41.37878,2.133099,30.6250000000000000,
Sants,2022-02-10,NO2,xc2xb5gm3,41.37878,2.133099,45.7083333333333333,
Sants,2022-02-11,NO2,xc2xb5gm3,41.37878,2.133099,54.2500000000000000,
Sants,2022-02-12,NO2,xc2xb5gm3,41.37878,2.133099,25.2500000000000000,
Sants,2022-02-13,NO2,xc2xb5gm3,41.37878,2.133099,21.0416666666666667,
Sants,2022-02-14,NO2,xc2xb5gm3,41.37878,2.133099,19.3333333333333333,
Sants,2022-02-15,NO2,xc2xb5gm3,41.37878,2.133099,21.8636363636363636,
Sants,2022-02-16,NO2,xc2xb5gm3,41.37878,2.133099,32.9583333333333333,
Sants,2022-02-17,NO2,xc2xb5gm3,41.37878,2.133099,39.0833333333333333,
Sants,2022-02-18,NO2,xc2xb5gm3,41.37878,2.133099,33.4583333333333333,
Sants,2022-02-19,NO2,xc2xb5gm3,41.37878,2.133099,17.5416666666666667,
Sants,2022-02-20,NO2,xc2xb5gm3,41.37878,2.133099,15.0833333333333333,
Sants,2022-02-21,NO2,xc2xb5gm3,41.37878,2.133099,30.1250000000000000,
Sants,2022-02-22,NO2,xc2xb5gm3,41.37878,2.133099,23.3750000000000000,
Sants,2022-02-23,NO2,xc2xb5gm3,41.37878,2.133099,33.2916666666666667,
Sants,2022-02-24,NO2,xc2xb5gm3,41.37878,2.133099,33.9583333333333333,
Sants,2022-02-25,NO2,xc2xb5gm3,41.37878,2.133099,34.2083333333333333,
Sants,2022-02-26,NO2,xc2xb5gm3,41.37878,2.133099,18.2500000000000000,
Sants,2022-02-27,NO2,xc2xb5gm3,41.37878,2.133099,26.2500000000000000,
Sants,2022-02-28,NO2,xc2xb5gm3,41.37878,2.133099,21.9583333333333333,
Sants,2022-03-01,NO2,xc2xb5gm3,41.37878,2.133099,23.9166666666666667,
Sants,2022-03-02,NO2,xc2xb5gm3,41.37878,2.133099,44.4761904761904762,
Sants,2022-03-03,NO2,xc2xb5gm3,41.37878,2.133099,20.9583333333333333,
Sants,2022-03-04,NO2,xc2xb5gm3,41.37878,2.133099,35.0000000000000000,
Sants,2022-03-05,NO2,xc2xb5gm3,41.37878,2.133099,10.9583333333333333,
Sants,2022-03-06,NO2,xc2xb5gm3,41.37878,2.133099,13.3750000000000000,
Sants,2022-03-07,NO2,xc2xb5gm3,41.37878,2.133099,19.6250000000000000,
Sants,2022-03-08,NO2,xc2xb5gm3,41.37878,2.133099,39.4583333333333333,
Sants,2022-03-09,NO2,xc2xb5gm3,41.37878,2.133099,29.2083333333333333,
Sants,2022-03-10,NO2,xc2xb5gm3,41.37878,2.133099,33.9166666666666667,
Sants,2022-03-11,NO2,xc2xb5gm3,41.37878,2.133099,33.0833333333333333,
Sants,2022-03-12,NO2,xc2xb5gm3,41.37878,2.133099,21.1250000000000000,
Sants,2022-03-13,NO2,xc2xb5gm3,41.37878,2.133099,28.5000000000000000,
Sants,2022-03-14,NO2,xc2xb5gm3,41.37878,2.133099,14.2500000000000000,
Sants,2022-03-15,NO2,xc2xb5gm3,41.37878,2.133099,12.8095238095238095,
Sants,2022-03-16,NO2,xc2xb5gm3,41.37878,2.133099,15.6666666666666667,
Sants,2022-03-17,NO2,xc2xb5gm3,41.37878,2.133099,17.9166666666666667,
Sants,2022-03-18,NO2,xc2xb5gm3,41.37878,2.133099,16.1666666666666667,
Sants,2022-03-19,NO2,xc2xb5gm3,41.37878,2.133099,15.5000000000000000,
Sants,2022-03-20,NO2,xc2xb5gm3,41.37878,2.133099,14.4583333333333333,
Sants,2022-03-21,NO2,xc2xb5gm3,41.37878,2.133099,12.1250000000000000,
Sants,2022-03-22,NO2,xc2xb5gm3,41.37878,2.133099,15.0416666666666667,
Sants,2022-03-23,NO2,xc2xb5gm3,41.37878,2.133099,18.9166666666666667,
Sants,2022-03-24,NO2,xc2xb5gm3,41.37878,2.133099,26.0476190476190476,
Sants,2022-03-25,NO2,xc2xb5gm3,41.37878,2.133099,19.9523809523809524,
Sants,2022-03-26,NO2,xc2xb5gm3,41.37878,2.133099,17.5833333333333333,
Sants,2022-03-27,NO2,xc2xb5gm3,41.37878,2.133099,16.7391304347826087,
Sants,2022-03-28,NO2,xc2xb5gm3,41.37878,2.133099,52.5833333333333333,
Sants,2022-03-29,NO2,xc2xb5gm3,41.37878,2.133099,29.7083333333333333,
Sants,2022-03-30,NO2,xc2xb5gm3,41.37878,2.133099,22.1428571428571429,
Sants,2022-03-31,NO2,xc2xb5gm3,41.37878,2.133099,22.0416666666666667,
Sants,2022-04-01,NO2,xc2xb5gm3,41.37878,2.133099,12.5416666666666667,
Sants,2022-04-02,NO2,xc2xb5gm3,41.37878,2.133099,7.7916666666666667,
Sants,2022-04-03,NO2,xc2xb5gm3,41.37878,2.133099,14.2083333333333333,
Sants,2022-04-04,NO2,xc2xb5gm3,41.37878,2.133099,23.0000000000000000,
Sants,2022-04-05,NO2,xc2xb5gm3,41.37878,2.133099,34.4583333333333333,
Sants,2022-04-06,NO2,xc2xb5gm3,41.37878,2.133099,32.6250000000000000,
Sants,2022-04-07,NO2,xc2xb5gm3,41.37878,2.133099,28.5000000000000000,
Sants,2022-04-08,NO2,xc2xb5gm3,41.37878,2.133099,25.7500000000000000,
Sants,2022-04-09,NO2,xc2xb5gm3,41.37878,2.133099,11.4166666666666667,
Sants,2022-04-10,NO2,xc2xb5gm3,41.37878,2.133099,10.1250000000000000,
Sants,2022-04-11,NO2,xc2xb5gm3,41.37878,2.133099,20.2500000000000000,
Sants,2022-04-12,NO2,xc2xb5gm3,41.37878,2.133099,14.9583333333333333,
Sants,2022-04-13,NO2,xc2xb5gm3,41.37878,2.133099,16.9166666666666667,
Sants,2022-04-14,NO2,xc2xb5gm3,41.37878,2.133099,28.7916666666666667,
Sants,2022-04-15,NO2,xc2xb5gm3,41.37878,2.133099,41.2916666666666667,
Sants,2022-04-16,NO2,xc2xb5gm3,41.37878,2.133099,28.1666666666666667,
Sants,2022-04-17,NO2,xc2xb5gm3,41.37878,2.133099,31.8333333333333333,
Sants,2022-04-18,NO2,xc2xb5gm3,41.37878,2.133099,27.5416666666666667,
Sants,2022-04-19,NO2,xc2xb5gm3,41.37878,2.133099,36.6666666666666667,
Sants,2022-04-20,NO2,xc2xb5gm3,41.37878,2.133099,17.4166666666666667,
Sants,2022-04-21,NO2,xc2xb5gm3,41.37878,2.133099,24.5454545454545455,
Sants,2022-04-22,NO2,xc2xb5gm3,41.37878,2.133099,20.4583333333333333,
Sants,2022-04-23,NO2,xc2xb5gm3,41.37878,2.133099,16.2916666666666667,
Sants,2022-04-24,NO2,xc2xb5gm3,41.37878,2.133099,8.0833333333333333,
Sants,2022-04-25,NO2,xc2xb5gm3,41.37878,2.133099,26.0416666666666667,
Sants,2022-04-26,NO2,xc2xb5gm3,41.37878,2.133099,39.2083333333333333,
Sants,2022-04-27,NO2,xc2xb5gm3,41.37878,2.133099,55.1666666666666667,
Sants,2022-04-28,NO2,xc2xb5gm3,41.37878,2.133099,82.0000000000000000,
